// Breaknes project icon for the SDL2 port.
//
// Generated by Artwork/gen_breaknes_icon.py from Breaknes/Breaknes/brkns_dalle.png
// (DALL-E artwork) - do not edit by hand.
// 64x64 RGBA pixels (8-bit per channel, row-major). The window icon is set
// with SDL_SetWindowIcon(), so no image loader (SDL_image) is required and
// the icon works the same way on Windows and Linux.
#pragma once

#ifdef _WIN32
#include "SDL.h"
#else
#include <SDL2/SDL.h>
#endif

/// <summary>
/// The Breaknes icon, 64x64, 32 bits per pixel, RGBA byte order.
/// </summary>
static const int kBreaknesIconWidth = 64;
static const int kBreaknesIconHeight = 64;
static const unsigned char kBreaknesIconRGBA[64 * 64 * 4] = {
    0xD7, 0x3B, 0x39, 0xFF, 0xDE, 0x3A, 0x39, 0xFF, 0xE2, 0x33, 0x33, 0xFF,
    0xE8, 0x31, 0x31, 0xFF, 0xE9, 0x2D, 0x2F, 0xFF, 0xE7, 0x29, 0x2C, 0xFF,
    0xE4, 0x27, 0x2B, 0xFF, 0xE2, 0x27, 0x2A, 0xFF, 0xE4, 0x2B, 0x2E, 0xFF,
    0xE6, 0x2A, 0x2D, 0xFF, 0xE8, 0x27, 0x2A, 0xFF, 0xE4, 0x27, 0x2A, 0xFF,
    0xE5, 0x29, 0x2E, 0xFF, 0xE3, 0x2A, 0x2F, 0xFF, 0xE4, 0x2B, 0x2E, 0xFF,
    0xE3, 0x2A, 0x2C, 0xFF, 0xE0, 0x29, 0x2D, 0xFF, 0xE2, 0x29, 0x2D, 0xFF,
    0xE6, 0x2C, 0x30, 0xFF, 0xE2, 0x27, 0x2B, 0xFF, 0xE5, 0x2D, 0x2E, 0xFF,
    0xE7, 0x2C, 0x2D, 0xFF, 0xE9, 0x2E, 0x2E, 0xFF, 0xE8, 0x30, 0x30, 0xFF,
    0xEA, 0x37, 0x34, 0xFF, 0xE9, 0x31, 0x31, 0xFF, 0xEA, 0x32, 0x30, 0xFF,
    0xE6, 0x2E, 0x2E, 0xFF, 0xEA, 0x33, 0x30, 0xFF, 0xEA, 0x38, 0x31, 0xFF,
    0xEC, 0x38, 0x30, 0xFF, 0xED, 0x35, 0x2D, 0xFF, 0xEF, 0x36, 0x30, 0xFF,
    0xF0, 0x34, 0x2F, 0xFF, 0xED, 0x34, 0x2E, 0xFF, 0xEC, 0x35, 0x30, 0xFF,
    0xEE, 0x34, 0x30, 0xFF, 0xEF, 0x2D, 0x2D, 0xFF, 0xEE, 0x33, 0x2F, 0xFF,
    0xEE, 0x39, 0x31, 0xFF, 0xED, 0x35, 0x2E, 0xFF, 0xEF, 0x34, 0x2F, 0xFF,
    0xEF, 0x33, 0x30, 0xFF, 0xED, 0x36, 0x30, 0xFF, 0xEF, 0x3B, 0x32, 0xFF,
    0xED, 0x38, 0x31, 0xFF, 0xED, 0x37, 0x32, 0xFF, 0xEE, 0x3A, 0x32, 0xFF,
    0xF0, 0x36, 0x32, 0xFF, 0xEF, 0x30, 0x32, 0xFF, 0xF0, 0x30, 0x32, 0xFF,
    0xED, 0x34, 0x31, 0xFF, 0xEE, 0x37, 0x33, 0xFF, 0xED, 0x2F, 0x2E, 0xFF,
    0xED, 0x2B, 0x2E, 0xFF, 0xEB, 0x27, 0x2C, 0xFF, 0xEB, 0x29, 0x2D, 0xFF,
    0xF1, 0x2B, 0x2F, 0xFF, 0xF0, 0x26, 0x2F, 0xFF, 0xF0, 0x27, 0x30, 0xFF,
    0xEE, 0x29, 0x2F, 0xFF, 0xEF, 0x2C, 0x32, 0xFF, 0xEF, 0x2A, 0x2D, 0xFF,
    0xED, 0x2A, 0x2B, 0xFF, 0xDB, 0x30, 0x24, 0xFF, 0xDF, 0x33, 0x28, 0xFF,
    0xE0, 0x32, 0x29, 0xFF, 0xE4, 0x2F, 0x28, 0xFF, 0xE9, 0x2E, 0x29, 0xFF,
    0xE4, 0x2A, 0x26, 0xFF, 0xE2, 0x29, 0x27, 0xFF, 0xDE, 0x2A, 0x25, 0xFF,
    0xE2, 0x32, 0x2A, 0xFF, 0xE6, 0x2F, 0x2A, 0xFF, 0xE8, 0x30, 0x29, 0xFF,
    0xE5, 0x2E, 0x26, 0xFF, 0xE3, 0x2F, 0x29, 0xFF, 0xE2, 0x31, 0x2A, 0xFF,
    0xE1, 0x2E, 0x28, 0xFF, 0xE5, 0x33, 0x2A, 0xFF, 0xE2, 0x34, 0x2B, 0xFF,
    0xE0, 0x30, 0x2A, 0xFF, 0xDF, 0x32, 0x27, 0xFF, 0xDE, 0x32, 0x26, 0xFF,
    0xE3, 0x37, 0x2D, 0xFF, 0xE6, 0x3C, 0x30, 0xFF, 0xEC, 0x3D, 0x2F, 0xFF,
    0xE9, 0x39, 0x2D, 0xFF, 0xEA, 0x42, 0x30, 0xFF, 0xE8, 0x39, 0x2A, 0xFF,
    0xEA, 0x3D, 0x2D, 0xFF, 0xEA, 0x3D, 0x2B, 0xFF, 0xEA, 0x3F, 0x2B, 0xFF,
    0xE9, 0x47, 0x30, 0xFF, 0xEC, 0x49, 0x2E, 0xFF, 0xED, 0x4B, 0x2E, 0xFF,
    0xEF, 0x4E, 0x31, 0xFF, 0xEE, 0x4A, 0x2E, 0xFF, 0xEB, 0x4C, 0x2D, 0xFF,
    0xEA, 0x53, 0x33, 0xFF, 0xEC, 0x51, 0x2F, 0xFF, 0xEC, 0x46, 0x2A, 0xFF,
    0xED, 0x48, 0x2C, 0xFF, 0xF0, 0x4F, 0x30, 0xFF, 0xEF, 0x4A, 0x2D, 0xFF,
    0xF0, 0x47, 0x2D, 0xFF, 0xEF, 0x42, 0x2B, 0xFF, 0xEB, 0x4A, 0x2E, 0xFF,
    0xEC, 0x4E, 0x32, 0xFF, 0xEA, 0x4B, 0x31, 0xFF, 0xEB, 0x46, 0x2D, 0xFF,
    0xEF, 0x4D, 0x31, 0xFF, 0xF1, 0x4B, 0x30, 0xFF, 0xF1, 0x44, 0x2E, 0xFF,
    0xF0, 0x3B, 0x2A, 0xFF, 0xEF, 0x3D, 0x2A, 0xFF, 0xF0, 0x43, 0x2D, 0xFF,
    0xF0, 0x3E, 0x2C, 0xFF, 0xEC, 0x37, 0x28, 0xFF, 0xE9, 0x30, 0x24, 0xFF,
    0xE8, 0x31, 0x24, 0xFF, 0xEF, 0x35, 0x2B, 0xFF, 0xF0, 0x32, 0x2B, 0xFF,
    0xEF, 0x31, 0x2A, 0xFF, 0xEB, 0x34, 0x29, 0xFF, 0xEC, 0x36, 0x2B, 0xFF,
    0xEB, 0x34, 0x28, 0xFF, 0xE7, 0x33, 0x27, 0xFF, 0xDE, 0x32, 0x25, 0xFF,
    0xDF, 0x32, 0x27, 0xFF, 0xE0, 0x32, 0x26, 0xFF, 0xE5, 0x31, 0x27, 0xFF,
    0xEB, 0x34, 0x2C, 0xFF, 0xE2, 0x30, 0x28, 0xFF, 0xE2, 0x2E, 0x27, 0xFF,
    0xE3, 0x35, 0x2B, 0xFF, 0xE4, 0x36, 0x2C, 0xFF, 0xE8, 0x35, 0x2C, 0xFF,
    0xE8, 0x35, 0x29, 0xFF, 0xE7, 0x35, 0x2A, 0xFF, 0xE1, 0x33, 0x2C, 0xFF,
    0xE3, 0x35, 0x2D, 0xFF, 0xE4, 0x33, 0x2A, 0xFF, 0xE4, 0x34, 0x29, 0xFF,
    0xE4, 0x3A, 0x2C, 0xFF, 0xE5, 0x3A, 0x2B, 0xFF, 0xE3, 0x3C, 0x2E, 0xFF,
    0xDF, 0x38, 0x28, 0xFF, 0xE4, 0x3D, 0x2B, 0xFF, 0xE6, 0x40, 0x2F, 0xFF,
    0xEE, 0x43, 0x2F, 0xFF, 0xE9, 0x41, 0x2E, 0xFF, 0xEA, 0x46, 0x32, 0xFF,
    0xEB, 0x45, 0x31, 0xFF, 0xEB, 0x49, 0x30, 0xFF, 0xEA, 0x41, 0x2C, 0xFF,
    0xEA, 0x4E, 0x32, 0xFF, 0xEB, 0x51, 0x33, 0xFF, 0xEC, 0x57, 0x33, 0xFF,
    0xEE, 0x59, 0x39, 0xFF, 0xF0, 0x5C, 0x38, 0xFF, 0xEF, 0x59, 0x34, 0xFF,
    0xEE, 0x5D, 0x37, 0xFF, 0xEA, 0x5B, 0x35, 0xFF, 0xEB, 0x5E, 0x33, 0xFF,
    0xED, 0x53, 0x2D, 0xFF, 0xF1, 0x56, 0x32, 0xFF, 0xF1, 0x5C, 0x35, 0xFF,
    0xF0, 0x59, 0x34, 0xFF, 0xED, 0x52, 0x2F, 0xFF, 0xEF, 0x56, 0x32, 0xFF,
    0xEC, 0x57, 0x32, 0xFF, 0xE9, 0x54, 0x32, 0xFF, 0xEA, 0x58, 0x35, 0xFF,
    0xEE, 0x54, 0x34, 0xFF, 0xEF, 0x53, 0x34, 0xFF, 0xEE, 0x5B, 0x37, 0xFF,
    0xEF, 0x56, 0x35, 0xFF, 0xF3, 0x49, 0x31, 0xFF, 0xEF, 0x49, 0x2D, 0xFF,
    0xED, 0x4C, 0x31, 0xFF, 0xF0, 0x4A, 0x33, 0xFF, 0xEE, 0x45, 0x2D, 0xFF,
    0xED, 0x40, 0x29, 0xFF, 0xED, 0x3D, 0x2B, 0xFF, 0xEC, 0x43, 0x30, 0xFF,
    0xEE, 0x3D, 0x2D, 0xFF, 0xEE, 0x3A, 0x2B, 0xFF, 0xEC, 0x3E, 0x2C, 0xFF,
    0xEB, 0x40, 0x2D, 0xFF, 0xEF, 0x43, 0x2E, 0xFF, 0xEA, 0x38, 0x27, 0xFF,
    0xDC, 0x37, 0x27, 0xFF, 0xDE, 0x35, 0x27, 0xFF, 0xE1, 0x36, 0x26, 0xFF,
    0xE6, 0x39, 0x28, 0xFF, 0xE9, 0x3A, 0x2A, 0xFF, 0xE2, 0x34, 0x29, 0xFF,
    0xE4, 0x38, 0x2A, 0xFF, 0xE9, 0x3E, 0x2D, 0xFF, 0xE8, 0x3C, 0x2C, 0xFF,
    0xE7, 0x3F, 0x2D, 0xFF, 0xE7, 0x3E, 0x2B, 0xFF, 0xE5, 0x3B, 0x2A, 0xFF,
    0xE2, 0x3B, 0x2E, 0xFF, 0xE4, 0x3D, 0x2E, 0xFF, 0xE2, 0x39, 0x29, 0xFF,
    0xE7, 0x40, 0x2C, 0xFF, 0xE9, 0x49, 0x31, 0xFF, 0xEA, 0x4C, 0x32, 0xFF,
    0xE4, 0x45, 0x2F, 0xFF, 0xE0, 0x42, 0x2A, 0xFF, 0xE4, 0x49, 0x32, 0xFF,
    0xE7, 0x49, 0x32, 0xFF, 0xE9, 0x46, 0x2F, 0xFF, 0xE8, 0x4B, 0x32, 0xFF,
    0xEB, 0x52, 0x38, 0xFF, 0xEA, 0x4F, 0x34, 0xFF, 0xEC, 0x54, 0x32, 0xFF,
    0xEC, 0x4C, 0x2E, 0xFF, 0xEA, 0x5B, 0x34, 0xFF, 0xEF, 0x66, 0x39, 0xFF,
    0xF0, 0x6B, 0x3D, 0xFF, 0xEF, 0x6D, 0x42, 0xFF, 0xF0, 0x69, 0x3B, 0xFF,
    0xEE, 0x62, 0x34, 0xFF, 0xED, 0x6A, 0x38, 0xFF, 0xED, 0x68, 0x3A, 0xFF,
    0xEB, 0x68, 0x38, 0xFF, 0xEE, 0x60, 0x33, 0xFF, 0xF1, 0x69, 0x37, 0xFF,
    0xF2, 0x6E, 0x3B, 0xFF, 0xF2, 0x67, 0x3B, 0xFF, 0xEE, 0x67, 0x38, 0xFF,
    0xF1, 0x6C, 0x39, 0xFF, 0xF1, 0x6C, 0x3A, 0xFF, 0xEB, 0x67, 0x3B, 0xFF,
    0xEE, 0x6A, 0x39, 0xFF, 0xEF, 0x61, 0x36, 0xFF, 0xEF, 0x60, 0x37, 0xFF,
    0xF0, 0x67, 0x3B, 0xFF, 0xF0, 0x63, 0x39, 0xFF, 0xF0, 0x5A, 0x32, 0xFF,
    0xF0, 0x57, 0x30, 0xFF, 0xEE, 0x5E, 0x37, 0xFF, 0xEF, 0x5A, 0x38, 0xFF,
    0xEF, 0x54, 0x32, 0xFF, 0xEF, 0x4F, 0x2F, 0xFF, 0xF0, 0x4F, 0x32, 0xFF,
    0xED, 0x53, 0x33, 0xFF, 0xEC, 0x4A, 0x2E, 0xFF, 0xEB, 0x43, 0x2D, 0xFF,
    0xEB, 0x47, 0x2F, 0xFF, 0xEE, 0x4D, 0x34, 0xFF, 0xEF, 0x4C, 0x30, 0xFF,
    0xEF, 0x45, 0x2E, 0xFF, 0xE5, 0x46, 0x2D, 0xFF, 0xE6, 0x42, 0x2D, 0xFF,
    0xE4, 0x3C, 0x2A, 0xFF, 0xEC, 0x44, 0x2F, 0xFF, 0xED, 0x42, 0x2E, 0xFF,
    0xE1, 0x39, 0x2B, 0xFF, 0xE2, 0x3B, 0x2A, 0xFF, 0xEB, 0x44, 0x2F, 0xFF,
    0xE7, 0x44, 0x2C, 0xFF, 0xE6, 0x46, 0x2D, 0xFF, 0xE7, 0x47, 0x2E, 0xFF,
    0xE6, 0x45, 0x2F, 0xFF, 0xE3, 0x46, 0x31, 0xFF, 0xE4, 0x4A, 0x32, 0xFF,
    0xE6, 0x4B, 0x31, 0xFF, 0xEC, 0x50, 0x34, 0xFF, 0xEA, 0x51, 0x34, 0xFF,
    0xE5, 0x4D, 0x33, 0xFF, 0xE6, 0x4C, 0x31, 0xFF, 0xE1, 0x4A, 0x2C, 0xFF,
    0xE3, 0x4F, 0x2F, 0xFF, 0xEB, 0x53, 0x34, 0xFF, 0xE9, 0x4F, 0x33, 0xFF,
    0xE9, 0x57, 0x35, 0xFF, 0xEF, 0x5F, 0x3C, 0xFF, 0xEB, 0x58, 0x37, 0xFF,
    0xEA, 0x58, 0x36, 0xFF, 0xEC, 0x54, 0x33, 0xFF, 0xEE, 0x69, 0x39, 0xFF,
    0xED, 0x77, 0x40, 0xFF, 0xF0, 0x79, 0x44, 0xFF, 0xED, 0x7D, 0x47, 0xFF,
    0xEC, 0x78, 0x43, 0xFF, 0xEF, 0x75, 0x3F, 0xFF, 0xEE, 0x7B, 0x43, 0xFF,
    0xEF, 0x7D, 0x45, 0xFF, 0xF2, 0x7F, 0x44, 0xFF, 0xF1, 0x73, 0x3C, 0xFF,
    0xF2, 0x75, 0x3C, 0xFF, 0xF0, 0x7C, 0x42, 0xFF, 0xF2, 0x73, 0x3F, 0xFF,
    0xEE, 0x75, 0x3F, 0xFF, 0xEE, 0x73, 0x3D, 0xFF, 0xEE, 0x76, 0x3E, 0xFF,
    0xED, 0x78, 0x42, 0xFF, 0xEE, 0x76, 0x3D, 0xFF, 0xF0, 0x76, 0x3E, 0xFF,
    0xEE, 0x72, 0x3E, 0xFF, 0xEF, 0x78, 0x41, 0xFF, 0xF0, 0x75, 0x3E, 0xFF,
    0xEE, 0x6A, 0x39, 0xFF, 0xED, 0x67, 0x3A, 0xFF, 0xEE, 0x6E, 0x3F, 0xFF,
    0xEF, 0x6E, 0x3D, 0xFF, 0xEF, 0x6A, 0x39, 0xFF, 0xED, 0x5F, 0x32, 0xFF,
    0xEF, 0x5C, 0x33, 0xFF, 0xF0, 0x62, 0x38, 0xFF, 0xEF, 0x59, 0x34, 0xFF,
    0xEE, 0x53, 0x32, 0xFF, 0xEE, 0x59, 0x36, 0xFF, 0xEE, 0x5A, 0x39, 0xFF,
    0xF0, 0x5A, 0x37, 0xFF, 0xEF, 0x51, 0x34, 0xFF, 0xE8, 0x4C, 0x2F, 0xFF,
    0xED, 0x4D, 0x30, 0xFF, 0xED, 0x49, 0x2F, 0xFF, 0xEF, 0x4A, 0x2F, 0xFF,
    0xF2, 0x4B, 0x32, 0xFF, 0xE8, 0x40, 0x2D, 0xFF, 0xE3, 0x43, 0x2C, 0xFF,
    0xE8, 0x4B, 0x30, 0xFF, 0xE8, 0x49, 0x2E, 0xFF, 0xEA, 0x4E, 0x31, 0xFF,
    0xEC, 0x50, 0x32, 0xFF, 0xEA, 0x4F, 0x31, 0xFF, 0xE9, 0x55, 0x36, 0xFF,
    0xE5, 0x51, 0x34, 0xFF, 0xE5, 0x4F, 0x32, 0xFF, 0xE9, 0x4F, 0x31, 0xFF,
    0xEB, 0x50, 0x31, 0xFF, 0xE9, 0x53, 0x33, 0xFF, 0xEE, 0x5A, 0x37, 0xFF,
    0xE7, 0x54, 0x33, 0xFF, 0xE8, 0x5B, 0x36, 0xFF, 0xEE, 0x60, 0x38, 0xFF,
    0xEA, 0x5B, 0x38, 0xFF, 0xEB, 0x60, 0x3A, 0xFF, 0xEF, 0x64, 0x3D, 0xFF,
    0xEB, 0x60, 0x3C, 0xFF, 0xEA, 0x60, 0x3A, 0xFF, 0xEC, 0x5F, 0x35, 0xFF,
    0xF2, 0x7A, 0x40, 0xFF, 0xF1, 0x8B, 0x49, 0xFF, 0xF3, 0x88, 0x4A, 0xFF,
    0xF2, 0x8C, 0x4E, 0xFF, 0xF1, 0x84, 0x48, 0xFF, 0xF1, 0x7E, 0x43, 0xFF,
    0xF3, 0x88, 0x47, 0xFF, 0xF2, 0x88, 0x4B, 0xFF, 0xF2, 0x86, 0x48, 0xFF,
    0xF2, 0x7E, 0x40, 0xFF, 0xF6, 0x82, 0x43, 0xFF, 0xF2, 0x8C, 0x49, 0xFF,
    0xF3, 0x88, 0x4C, 0xFF, 0xF1, 0x83, 0x46, 0xFF, 0xF2, 0x82, 0x44, 0xFF,
    0xF1, 0x87, 0x45, 0xFF, 0xF4, 0x87, 0x45, 0xFF, 0xF1, 0x84, 0x43, 0xFF,
    0xF2, 0x82, 0x42, 0xFF, 0xF0, 0x7D, 0x41, 0xFF, 0xEE, 0x7C, 0x42, 0xFF,
    0xF1, 0x7E, 0x43, 0xFF, 0xF1, 0x79, 0x3D, 0xFF, 0xEF, 0x7A, 0x40, 0xFF,
    0xF0, 0x7D, 0x44, 0xFF, 0xED, 0x7E, 0x44, 0xFF, 0xF0, 0x74, 0x3C, 0xFF,
    0xEF, 0x6A, 0x38, 0xFF, 0xF2, 0x6B, 0x3B, 0xFF, 0xF2, 0x6F, 0x3D, 0xFF,
    0xF2, 0x68, 0x39, 0xFF, 0xF5, 0x66, 0x39, 0xFF, 0xF2, 0x68, 0x39, 0xFF,
    0xF2, 0x6B, 0x3D, 0xFF, 0xF3, 0x64, 0x3B, 0xFF, 0xF3, 0x5E, 0x37, 0xFF,
    0xE5, 0x4B, 0x2D, 0xFF, 0xEA, 0x4D, 0x2F, 0xFF, 0xEB, 0x4B, 0x2E, 0xFF,
    0xEE, 0x4B, 0x2E, 0xFF, 0xED, 0x4A, 0x2C, 0xFF, 0xEB, 0x47, 0x2E, 0xFF,
    0xE5, 0x48, 0x2F, 0xFF, 0xE6, 0x50, 0x32, 0xFF, 0xE6, 0x4C, 0x2D, 0xFF,
    0xEB, 0x52, 0x31, 0xFF, 0xEC, 0x54, 0x32, 0xFF, 0xEB, 0x56, 0x34, 0xFF,
    0xEA, 0x59, 0x38, 0xFF, 0xE7, 0x59, 0x35, 0xFF, 0xE5, 0x52, 0x31, 0xFF,
    0xEA, 0x51, 0x2F, 0xFF, 0xED, 0x55, 0x2F, 0xFF, 0xEB, 0x59, 0x30, 0xFF,
    0xEE, 0x62, 0x38, 0xFF, 0xEB, 0x61, 0x39, 0xFF, 0xEB, 0x66, 0x39, 0xFF,
    0xEB, 0x6C, 0x3A, 0xFF, 0xEF, 0x69, 0x3B, 0xFF, 0xEC, 0x68, 0x3B, 0xFF,
    0xF0, 0x70, 0x40, 0xFF, 0xEF, 0x6C, 0x3E, 0xFF, 0xF2, 0x70, 0x3D, 0xFF,
    0xEF, 0x6E, 0x3B, 0xFF, 0xEF, 0x88, 0x47, 0xFF, 0xF2, 0x99, 0x4E, 0xFF,
    0xF5, 0x93, 0x4E, 0xFF, 0xF4, 0x94, 0x4C, 0xFF, 0xF3, 0x93, 0x4C, 0xFF,
    0xEE, 0x8E, 0x4C, 0xFF, 0xF2, 0x8D, 0x4C, 0xFF, 0xF7, 0x91, 0x50, 0xFF,
    0xF7, 0x8F, 0x4C, 0xFF, 0xF1, 0x85, 0x43, 0xFF, 0xF2, 0x8F, 0x49, 0xFF,
    0xF3, 0x98, 0x50, 0xFF, 0xF1, 0x93, 0x50, 0xFF, 0xF3, 0x8F, 0x49, 0xFF,
    0xF2, 0x8C, 0x44, 0xFF, 0xF2, 0x93, 0x49, 0xFF, 0xF3, 0x90, 0x49, 0xFF,
    0xEF, 0x8C, 0x45, 0xFF, 0xF2, 0x85, 0x44, 0xFF, 0xED, 0x7D, 0x3D, 0xFF,
    0xEF, 0x80, 0x3E, 0xFF, 0xF3, 0x85, 0x44, 0xFF, 0xF1, 0x83, 0x41, 0xFF,
    0xF2, 0x81, 0x41, 0xFF, 0xF2, 0x89, 0x48, 0xFF, 0xF2, 0x88, 0x47, 0xFF,
    0xF1, 0x7E, 0x40, 0xFF, 0xEE, 0x74, 0x39, 0xFF, 0xF2, 0x75, 0x3D, 0xFF,
    0xF2, 0x79, 0x41, 0xFF, 0xF1, 0x76, 0x3E, 0xFF, 0xF5, 0x70, 0x3B, 0xFF,
    0xF3, 0x72, 0x3B, 0xFF, 0xF0, 0x73, 0x3D, 0xFF, 0xEF, 0x64, 0x39, 0xFF,
    0xF2, 0x61, 0x37, 0xFF, 0xE2, 0x46, 0x2C, 0xFF, 0xE8, 0x4A, 0x2E, 0xFF,
    0xEA, 0x4D, 0x2F, 0xFF, 0xEB, 0x4D, 0x2F, 0xFF, 0xEC, 0x4E, 0x2E, 0xFF,
    0xE7, 0x4A, 0x2E, 0xFF, 0xE3, 0x4A, 0x2F, 0xFF, 0xE6, 0x52, 0x32, 0xFF,
    0xE6, 0x52, 0x2F, 0xFF, 0xE9, 0x57, 0x32, 0xFF, 0xEB, 0x5A, 0x33, 0xFF,
    0xE5, 0x5C, 0x34, 0xFF, 0xE4, 0x60, 0x38, 0xFF, 0xE9, 0x61, 0x38, 0xFF,
    0xE8, 0x5E, 0x36, 0xFF, 0xEA, 0x5F, 0x35, 0xFF, 0xEB, 0x62, 0x34, 0xFF,
    0xED, 0x65, 0x39, 0xFF, 0xEC, 0x64, 0x39, 0xFF, 0xEB, 0x69, 0x3B, 0xFF,
    0xED, 0x71, 0x3D, 0xFF, 0xEB, 0x74, 0x41, 0xFF, 0xEC, 0x75, 0x40, 0xFF,
    0xED, 0x70, 0x41, 0xFF, 0xEE, 0x72, 0x42, 0xFF, 0xED, 0x74, 0x42, 0xFF,
    0xEF, 0x73, 0x3F, 0xFF, 0xED, 0x77, 0x3F, 0xFF, 0xF1, 0x95, 0x4E, 0xFF,
    0xF1, 0xA0, 0x50, 0xFF, 0xF1, 0x98, 0x50, 0xFF, 0xF5, 0x9F, 0x53, 0xFF,
    0xFB, 0xA3, 0x54, 0xFF, 0xFF, 0xA4, 0x5B, 0xFF, 0xFF, 0xA7, 0x5D, 0xFF,
    0xE2, 0x96, 0x57, 0xFF, 0xDE, 0x8D, 0x50, 0xFF, 0xF2, 0x93, 0x47, 0xFF,
    0xF3, 0x9F, 0x4F, 0xFF, 0xF5, 0xA5, 0x58, 0xFF, 0xF2, 0xA0, 0x55, 0xFF,
    0xF2, 0x9D, 0x52, 0xFF, 0xF1, 0x96, 0x4C, 0xFF, 0xF1, 0x9A, 0x50, 0xFF,
    0xF1, 0x9A, 0x53, 0xFF, 0xF1, 0x96, 0x4D, 0xFF, 0xF3, 0x8D, 0x4A, 0xFF,
    0xEE, 0x88, 0x42, 0xFF, 0xF2, 0x90, 0x47, 0xFF, 0xF3, 0x93, 0x4B, 0xFF,
    0xF1, 0x8C, 0x46, 0xFF, 0xF2, 0x8C, 0x47, 0xFF, 0xF2, 0x92, 0x4C, 0xFF,
    0xF3, 0x96, 0x4F, 0xFF, 0xF2, 0x8B, 0x48, 0xFF, 0xF2, 0x85, 0x43, 0xFF,
    0xF2, 0x85, 0x45, 0xFF, 0xF3, 0x86, 0x48, 0xFF, 0xF2, 0x84, 0x46, 0xFF,
    0xF0, 0x7A, 0x3F, 0xFF, 0xEE, 0x7A, 0x3D, 0xFF, 0xF2, 0x85, 0x47, 0xFF,
    0xF1, 0x77, 0x40, 0xFF, 0xF3, 0x72, 0x3C, 0xFF, 0xE6, 0x4C, 0x2F, 0xFF,
    0xE5, 0x4C, 0x2E, 0xFF, 0xEA, 0x53, 0x30, 0xFF, 0xE7, 0x4E, 0x2F, 0xFF,
    0xE6, 0x4D, 0x30, 0xFF, 0xE4, 0x4E, 0x2F, 0xFF, 0xE3, 0x4E, 0x2E, 0xFF,
    0xE4, 0x51, 0x2F, 0xFF, 0xE5, 0x54, 0x30, 0xFF, 0xE7, 0x5A, 0x32, 0xFF,
    0xE8, 0x60, 0x36, 0xFF, 0xE6, 0x60, 0x36, 0xFF, 0xE7, 0x67, 0x3B, 0xFF,
    0xEA, 0x69, 0x3A, 0xFF, 0xE8, 0x6A, 0x3A, 0xFF, 0xE9, 0x68, 0x3A, 0xFF,
    0xED, 0x6C, 0x3A, 0xFF, 0xEF, 0x73, 0x3C, 0xFF, 0xF0, 0x76, 0x41, 0xFF,
    0xF0, 0x77, 0x43, 0xFF, 0xF1, 0x7D, 0x48, 0xFF, 0xEF, 0x80, 0x4C, 0xFF,
    0xF1, 0x83, 0x4E, 0xFF, 0xF2, 0x81, 0x4C, 0xFF, 0xF1, 0x81, 0x4A, 0xFF,
    0xEE, 0x7F, 0x4A, 0xFF, 0xF0, 0x81, 0x4C, 0xFF, 0xF1, 0x8F, 0x52, 0xFF,
    0xF0, 0xA3, 0x57, 0xFF, 0xFA, 0xB2, 0x58, 0xFF, 0xFF, 0xB6, 0x5B, 0xFF,
    0xF4, 0xA9, 0x58, 0xFF, 0xD9, 0xA4, 0x68, 0xFF, 0x77, 0x5E, 0x3D, 0xFF,
    0x46, 0x3D, 0x2B, 0xFF, 0x19, 0x16, 0x0F, 0xFF, 0x34, 0x2A, 0x1E, 0xFF,
    0xEF, 0xB2, 0x68, 0xFF, 0xF5, 0xA9, 0x56, 0xFF, 0xF3, 0xAE, 0x5C, 0xFF,
    0xF6, 0xAD, 0x5F, 0xFF, 0xF3, 0xA6, 0x58, 0xFF, 0xF3, 0x9E, 0x55, 0xFF,
    0xF4, 0xA4, 0x5A, 0xFF, 0xF3, 0xA7, 0x5D, 0xFF, 0xF3, 0xA4, 0x56, 0xFF,
    0xF4, 0x9A, 0x53, 0xFF, 0xEF, 0x96, 0x4E, 0xFF, 0xF1, 0x99, 0x4D, 0xFF,
    0xF0, 0x99, 0x4E, 0xFF, 0xF0, 0x96, 0x4D, 0xFF, 0xF3, 0x98, 0x51, 0xFF,
    0xF2, 0x9A, 0x53, 0xFF, 0xF3, 0x9F, 0x55, 0xFF, 0xF2, 0x97, 0x4F, 0xFF,
    0xF1, 0x96, 0x50, 0xFF, 0xF1, 0x98, 0x52, 0xFF, 0xF4, 0x98, 0x52, 0xFF,
    0xF1, 0x8F, 0x4B, 0xFF, 0xEE, 0x84, 0x45, 0xFF, 0xED, 0x89, 0x49, 0xFF,
    0xF0, 0x8D, 0x4D, 0xFF, 0xF0, 0x83, 0x47, 0xFF, 0xF0, 0x7C, 0x40, 0xFF,
    0xEB, 0x4E, 0x2D, 0xFF, 0xEB, 0x54, 0x30, 0xFF, 0xF1, 0x59, 0x31, 0xFF,
    0xED, 0x55, 0x30, 0xFF, 0xEE, 0x55, 0x2F, 0xFF, 0xEE, 0x56, 0x31, 0xFF,
    0xE9, 0x55, 0x2F, 0xFF, 0xEF, 0x5D, 0x36, 0xFF, 0xF1, 0x63, 0x34, 0xFF,
    0xF0, 0x65, 0x35, 0xFF, 0xF1, 0x69, 0x38, 0xFF, 0xF1, 0x6C, 0x3B, 0xFF,
    0xF2, 0x6F, 0x3D, 0xFF, 0xF1, 0x74, 0x3D, 0xFF, 0xF1, 0x75, 0x3D, 0xFF,
    0xF2, 0x78, 0x40, 0xFF, 0xF2, 0x7A, 0x3E, 0xFF, 0xF2, 0x7D, 0x40, 0xFF,
    0xF1, 0x82, 0x47, 0xFF, 0xF1, 0x83, 0x46, 0xFF, 0xF1, 0x85, 0x4B, 0xFF,
    0xF0, 0x86, 0x4C, 0xFF, 0xF4, 0x90, 0x52, 0xFF, 0xF2, 0x8F, 0x52, 0xFF,
    0xF1, 0x91, 0x53, 0xFF, 0xF1, 0x8A, 0x4E, 0xFF, 0xEF, 0x8F, 0x51, 0xFF,
    0xEF, 0x97, 0x56, 0xFF, 0xF7, 0xB1, 0x5E, 0xFF, 0xBC, 0x93, 0x50, 0xFF,
    0x9B, 0x7E, 0x4A, 0xFF, 0x60, 0x4E, 0x35, 0xFF, 0x08, 0x09, 0x0A, 0xFF,
    0x11, 0x03, 0x04, 0xFF, 0x22, 0x02, 0x04, 0xFF, 0x00, 0x00, 0x00, 0xFF,
    0x05, 0x04, 0x06, 0xFF, 0x29, 0x21, 0x1A, 0xFF, 0xCE, 0x9B, 0x59, 0xFF,
    0xFB, 0xBF, 0x63, 0xFF, 0xF5, 0xB7, 0x62, 0xFF, 0xF7, 0xB3, 0x5C, 0xFF,
    0xF6, 0xAC, 0x5A, 0xFF, 0xF6, 0xAC, 0x5C, 0xFF, 0xF3, 0xAC, 0x5F, 0xFF,
    0xF6, 0xB1, 0x5F, 0xFF, 0xF5, 0xA8, 0x57, 0xFF, 0xF3, 0xAA, 0x5B, 0xFF,
    0xF3, 0xAB, 0x5E, 0xFF, 0xF2, 0xA5, 0x5B, 0xFF, 0xF4, 0xA3, 0x56, 0xFF,
    0xF6, 0xA3, 0x54, 0xFF, 0xF5, 0xA4, 0x5A, 0xFF, 0xF7, 0xA3, 0x58, 0xFF,
    0xF5, 0x9F, 0x53, 0xFF, 0xF2, 0x9C, 0x52, 0xFF, 0xF3, 0xA0, 0x56, 0xFF,
    0xF5, 0x9E, 0x55, 0xFF, 0xF3, 0x98, 0x52, 0xFF, 0xF4, 0x97, 0x50, 0xFF,
    0xF4, 0x9F, 0x56, 0xFF, 0xF2, 0x9A, 0x55, 0xFF, 0xF3, 0x92, 0x50, 0xFF,
    0xF1, 0x89, 0x4B, 0xFF, 0xEA, 0x52, 0x2F, 0xFF, 0xEA, 0x56, 0x31, 0xFF,
    0xEC, 0x56, 0x2F, 0xFF, 0xEA, 0x52, 0x2E, 0xFF, 0xEE, 0x5B, 0x30, 0xFF,
    0xEC, 0x5C, 0x32, 0xFF, 0xEB, 0x5E, 0x31, 0xFF, 0xED, 0x62, 0x31, 0xFF,
    0xF2, 0x6D, 0x36, 0xFF, 0xF5, 0x74, 0x38, 0xFF, 0xF6, 0x77, 0x3D, 0xFF,
    0xF3, 0x7C, 0x3F, 0xFF, 0xF4, 0x7C, 0x41, 0xFF, 0xF0, 0x7C, 0x41, 0xFF,
    0xF4, 0x82, 0x43, 0xFF, 0xF4, 0x85, 0x43, 0xFF, 0xF3, 0x8B, 0x45, 0xFF,
    0xF3, 0x8A, 0x45, 0xFF, 0xF4, 0x91, 0x49, 0xFF, 0xF2, 0x8F, 0x4C, 0xFF,
    0xEF, 0x8C, 0x47, 0xFF, 0xF3, 0x90, 0x4D, 0xFF, 0xF3, 0x9A, 0x55, 0xFF,
    0xF1, 0x9C, 0x59, 0xFF, 0xF2, 0xA0, 0x59, 0xFF, 0xF2, 0x9C, 0x56, 0xFF,
    0xF2, 0xA2, 0x5A, 0xFF, 0xF3, 0xAA, 0x61, 0xFF, 0xF6, 0xBB, 0x71, 0xFF,
    0x32, 0x29, 0x1D, 0xFF, 0x00, 0x00, 0x00, 0xFF, 0x0D, 0x01, 0x04, 0xFF,
    0x00, 0x00, 0x00, 0xFF, 0x52, 0x15, 0x0E, 0xFF, 0x89, 0x26, 0x1C, 0xFF,
    0x00, 0x00, 0x01, 0xFF, 0x14, 0x0E, 0x0D, 0xFF, 0x25, 0x1C, 0x15, 0xFF,
    0xD5, 0xA8, 0x63, 0xFF, 0xFE, 0xC9, 0x69, 0xFF, 0xF5, 0xC3, 0x68, 0xFF,
    0xF8, 0xC1, 0x66, 0xFF, 0xF8, 0xBE, 0x67, 0xFF, 0xF7, 0xBC, 0x67, 0xFF,
    0xF7, 0xBC, 0x6C, 0xFF, 0xF8, 0xBB, 0x6B, 0xFF, 0xF6, 0xB9, 0x65, 0xFF,
    0xF5, 0xB9, 0x64, 0xFF, 0xF5, 0xB7, 0x67, 0xFF, 0xF3, 0xB3, 0x65, 0xFF,
    0xF8, 0xB3, 0x61, 0xFF, 0xF6, 0xAD, 0x5A, 0xFF, 0xF6, 0xAD, 0x5D, 0xFF,
    0xF5, 0xA9, 0x5A, 0xFF, 0xF5, 0xA7, 0x57, 0xFF, 0xF5, 0xA7, 0x58, 0xFF,
    0xF5, 0xA8, 0x5C, 0xFF, 0xF5, 0xA8, 0x5F, 0xFF, 0xF2, 0xA5, 0x60, 0xFF,
    0xF4, 0xA3, 0x5C, 0xFF, 0xF5, 0xA7, 0x5C, 0xFF, 0xF4, 0xA6, 0x5A, 0xFF,
    0xF3, 0x9D, 0x54, 0xFF, 0xF2, 0x97, 0x54, 0xFF, 0xEB, 0x5C, 0x34, 0xFF,
    0xE7, 0x5F, 0x35, 0xFF, 0xEA, 0x61, 0x35, 0xFF, 0xE9, 0x5E, 0x33, 0xFF,
    0xEF, 0x66, 0x33, 0xFF, 0xED, 0x66, 0x36, 0xFF, 0xED, 0x66, 0x34, 0xFF,
    0xF1, 0x73, 0x39, 0xFF, 0xF1, 0x78, 0x3C, 0xFF, 0xF4, 0x82, 0x3D, 0xFF,
    0xF4, 0x83, 0x41, 0xFF, 0xF2, 0x88, 0x44, 0xFF, 0xF3, 0x92, 0x4A, 0xFF,
    0xF2, 0x8B, 0x45, 0xFF, 0xF5, 0x91, 0x4A, 0xFF, 0xF5, 0x91, 0x4B, 0xFF,
    0xF5, 0x94, 0x4A, 0xFF, 0xF3, 0x94, 0x4C, 0xFF, 0xF4, 0xA0, 0x57, 0xFF,
    0xF3, 0x9F, 0x58, 0xFF, 0xF2, 0x9E, 0x54, 0xFF, 0xF3, 0xA6, 0x57, 0xFF,
    0xF6, 0xAB, 0x5D, 0xFF, 0xF2, 0xA8, 0x5F, 0xFF, 0xF4, 0xAC, 0x61, 0xFF,
    0xF3, 0xA6, 0x5D, 0xFF, 0xF1, 0xA8, 0x5C, 0xFF, 0xF3, 0xB7, 0x6A, 0xFF,
    0xFD, 0xD4, 0x7E, 0xFF, 0x3F, 0x3D, 0x28, 0xFF, 0x0A, 0x02, 0x01, 0xFF,
    0xAC, 0x39, 0x21, 0xFF, 0x21, 0x09, 0x08, 0xFF, 0x6C, 0x1B, 0x10, 0xFF,
    0x8F, 0x29, 0x1C, 0xFF, 0x09, 0x04, 0x03, 0xFF, 0x48, 0x3F, 0x2D, 0xFF,
    0xF4, 0xD4, 0x85, 0xFF, 0xF7, 0xCD, 0x70, 0xFF, 0xF7, 0xC9, 0x6E, 0xFF,
    0xF7, 0xC9, 0x70, 0xFF, 0xF9, 0xC8, 0x6F, 0xFF, 0xF7, 0xC3, 0x6D, 0xFF,
    0xF8, 0xC5, 0x6E, 0xFF, 0xF7, 0xC5, 0x71, 0xFF, 0xF6, 0xC4, 0x71, 0xFF,
    0xF6, 0xC3, 0x6F, 0xFF, 0xF5, 0xC1, 0x6D, 0xFF, 0xF4, 0xBC, 0x6D, 0xFF,
    0xF4, 0xBC, 0x6B, 0xFF, 0xF5, 0xBA, 0x66, 0xFF, 0xF7, 0xB7, 0x64, 0xFF,
    0xF6, 0xB7, 0x65, 0xFF, 0xF6, 0xB4, 0x60, 0xFF, 0xF4, 0xAE, 0x5E, 0xFF,
    0xF1, 0xAB, 0x5B, 0xFF, 0xF2, 0xAB, 0x5F, 0xFF, 0xF4, 0xAC, 0x61, 0xFF,
    0xFA, 0xAF, 0x61, 0xFF, 0xFF, 0xB1, 0x63, 0xFF, 0xFF, 0xB9, 0x6E, 0xFF,
    0xFF, 0xB5, 0x6C, 0xFF, 0xFE, 0xAD, 0x63, 0xFF, 0xFD, 0xAC, 0x67, 0xFF,
    0xF0, 0x6C, 0x39, 0xFF, 0xEC, 0x6C, 0x3A, 0xFF, 0xF1, 0x73, 0x3C, 0xFF,
    0xF2, 0x71, 0x39, 0xFF, 0xF4, 0x7C, 0x3C, 0xFF, 0xF4, 0x7E, 0x40, 0xFF,
    0xF1, 0x84, 0x42, 0xFF, 0xF2, 0x8D, 0x46, 0xFF, 0xF2, 0x90, 0x47, 0xFF,
    0xF5, 0x9C, 0x4B, 0xFF, 0xF3, 0x9A, 0x4D, 0xFF, 0xF3, 0x9B, 0x4F, 0xFF,
    0xF5, 0x9F, 0x53, 0xFF, 0xF5, 0xA0, 0x55, 0xFF, 0xF7, 0x9E, 0x53, 0xFF,
    0xF8, 0xA5, 0x57, 0xFF, 0xF7, 0xA7, 0x58, 0xFF, 0xF3, 0x9D, 0x50, 0xFF,
    0xF7, 0xA9, 0x5C, 0xFF, 0xF6, 0xAE, 0x5E, 0xFF, 0xF7, 0xAE, 0x58, 0xFF,
    0xF7, 0xB1, 0x59, 0xFF, 0xF5, 0xB4, 0x5D, 0xFF, 0xF3, 0xB0, 0x64, 0xFF,
    0xF4, 0xB3, 0x66, 0xFF, 0xF2, 0xAC, 0x63, 0xFF, 0xF6, 0xB3, 0x64, 0xFF,
    0xF9, 0xBD, 0x6A, 0xFF, 0xDD, 0xC5, 0x80, 0xFF, 0x47, 0x49, 0x37, 0xFF,
    0x1B, 0x03, 0x02, 0xFF, 0xDA, 0x41, 0x23, 0xFF, 0xC4, 0x33, 0x1B, 0xFF,
    0xAA, 0x2E, 0x1B, 0xFF, 0x74, 0x24, 0x1A, 0xFF, 0x26, 0x0C, 0x0C, 0xFF,
    0x00, 0x00, 0x00, 0xFF, 0x9F, 0x8F, 0x5E, 0xFF, 0xFF, 0xEA, 0x89, 0xFF,
    0xF7, 0xD5, 0x7F, 0xFF, 0xF6, 0xD0, 0x7A, 0xFF, 0xF8, 0xD1, 0x7A, 0xFF,
    0xF7, 0xCE, 0x77, 0xFF, 0xF8, 0xCB, 0x75, 0xFF, 0xF7, 0xC9, 0x74, 0xFF,
    0xF8, 0xCC, 0x76, 0xFF, 0xF9, 0xC9, 0x73, 0xFF, 0xF8, 0xC7, 0x72, 0xFF,
    0xFA, 0xC5, 0x71, 0xFF, 0xF6, 0xC1, 0x6C, 0xFF, 0xF7, 0xBF, 0x67, 0xFF,
    0xF7, 0xC0, 0x69, 0xFF, 0xF7, 0xBF, 0x6B, 0xFF, 0xF6, 0xBC, 0x6B, 0xFF,
    0xF4, 0xB5, 0x61, 0xFF, 0xFF, 0xC1, 0x68, 0xFF, 0xFF, 0xBF, 0x6C, 0xFF,
    0xF4, 0xB6, 0x6E, 0xFF, 0xD3, 0x9D, 0x61, 0xFF, 0x94, 0x6F, 0x4A, 0xFF,
    0x5B, 0x43, 0x2A, 0xFF, 0x58, 0x40, 0x29, 0xFF, 0x54, 0x3B, 0x25, 0xFF,
    0x4E, 0x36, 0x21, 0xFF, 0xF0, 0x78, 0x3C, 0xFF, 0xF1, 0x76, 0x3C, 0xFF,
    0xF4, 0x80, 0x3E, 0xFF, 0xF4, 0x7A, 0x3C, 0xFF, 0xF4, 0x80, 0x3C, 0xFF,
    0xF2, 0x87, 0x45, 0xFF, 0xF1, 0x9E, 0x4E, 0xFF, 0xF2, 0xA7, 0x53, 0xFF,
    0xF1, 0xA2, 0x4F, 0xFF, 0xF4, 0xAD, 0x56, 0xFF, 0xF5, 0xAF, 0x58, 0xFF,
    0xF6, 0xB1, 0x5B, 0xFF, 0xF8, 0xB9, 0x63, 0xFF, 0xF7, 0xB9, 0x69, 0xFF,
    0xF6, 0xB8, 0x69, 0xFF, 0xF9, 0xBD, 0x6C, 0xFF, 0xF9, 0xB9, 0x65, 0xFF,
    0xFF, 0xC0, 0x6A, 0xFF, 0xFD, 0xC3, 0x74, 0xFF, 0xED, 0xBB, 0x71, 0xFF,
    0xF0, 0xC2, 0x6D, 0xFF, 0xF4, 0xC8, 0x7B, 0xFF, 0xFE, 0xC7, 0x6C, 0xFF,
    0xFB, 0xC1, 0x6C, 0xFF, 0xFD, 0xC0, 0x6E, 0xFF, 0xF9, 0xBD, 0x63, 0xFF,
    0xF5, 0xBB, 0x6D, 0xFF, 0xC8, 0xA9, 0x77, 0xFF, 0x1B, 0x19, 0x16, 0xFF,
    0x02, 0x03, 0x04, 0xFF, 0x00, 0x01, 0x04, 0xFF, 0x64, 0x1B, 0x10, 0xFF,
    0xE7, 0x3E, 0x1D, 0xFF, 0x6B, 0x1B, 0x10, 0xFF, 0x00, 0x00, 0x00, 0xFF,
    0x1F, 0x1D, 0x12, 0xFF, 0x40, 0x3C, 0x21, 0xFF, 0xBD, 0xAD, 0x6D, 0xFF,
    0xFD, 0xE8, 0x8C, 0xFF, 0xF4, 0xD9, 0x80, 0xFF, 0xF7, 0xD7, 0x7C, 0xFF,
    0xF7, 0xD4, 0x77, 0xFF, 0xF7, 0xD3, 0x77, 0xFF, 0xF7, 0xCF, 0x77, 0xFF,
    0xF6, 0xCF, 0x77, 0xFF, 0xF7, 0xCF, 0x75, 0xFF, 0xF8, 0xCB, 0x72, 0xFF,
    0xF6, 0xC8, 0x70, 0xFF, 0xF5, 0xC7, 0x6E, 0xFF, 0xF2, 0xC0, 0x66, 0xFF,
    0xF1, 0xC2, 0x68, 0xFF, 0xF1, 0xBE, 0x68, 0xFF, 0xF9, 0xC3, 0x67, 0xFF,
    0xFF, 0xCD, 0x72, 0xFF, 0xFF, 0xCA, 0x72, 0xFF, 0xBE, 0x97, 0x59, 0xFF,
    0x7C, 0x5C, 0x37, 0xFF, 0x2C, 0x1E, 0x10, 0xFF, 0x05, 0x04, 0x06, 0xFF,
    0x00, 0x04, 0x12, 0xFF, 0x0B, 0x23, 0x41, 0xFF, 0x12, 0x2F, 0x54, 0xFF,
    0x14, 0x32, 0x54, 0xFF, 0x1A, 0x38, 0x58, 0xFF, 0xF3, 0x84, 0x42, 0xFF,
    0xF4, 0x89, 0x47, 0xFF, 0xF6, 0x95, 0x49, 0xFF, 0xF5, 0x90, 0x48, 0xFF,
    0xF6, 0x9B, 0x4D, 0xFF, 0xF5, 0x9E, 0x53, 0xFF, 0xF2, 0xAF, 0x5A, 0xFF,
    0xF4, 0xBB, 0x61, 0xFF, 0xF4, 0xBE, 0x64, 0xFF, 0xF5, 0xC2, 0x66, 0xFF,
    0xF5, 0xBE, 0x64, 0xFF, 0xF5, 0xC1, 0x68, 0xFF, 0xF6, 0xC9, 0x6F, 0xFF,
    0xFF, 0xD1, 0x77, 0xFF, 0xFF, 0xD2, 0x79, 0xFF, 0xFD, 0xD0, 0x7F, 0xFF,
    0xFC, 0xD4, 0x8D, 0xFF, 0x9D, 0x85, 0x5B, 0xFF, 0x3C, 0x36, 0x28, 0xFF,
    0x1D, 0x1B, 0x14, 0xFF, 0x1D, 0x1D, 0x16, 0xFF, 0x35, 0x33, 0x25, 0xFF,
    0xCB, 0xAF, 0x72, 0xFF, 0xDC, 0xB9, 0x75, 0xFF, 0xDA, 0xB4, 0x72, 0xFF,
    0xEB, 0xC3, 0x76, 0xFF, 0x8D, 0x76, 0x4F, 0xFF, 0x08, 0x0A, 0x0C, 0xFF,
    0x05, 0x04, 0x03, 0xFF, 0x01, 0x00, 0x00, 0xFF, 0x5D, 0x15, 0x10, 0xFF,
    0x9E, 0x28, 0x16, 0xFF, 0xDD, 0x3F, 0x1C, 0xFF, 0x5F, 0x1E, 0x13, 0xFF,
    0x04, 0x03, 0x02, 0xFF, 0x6F, 0x6D, 0x5C, 0xFF, 0xFF, 0xF9, 0xB2, 0xFF,
    0xF7, 0xE8, 0x91, 0xFF, 0xF6, 0xE5, 0x91, 0xFF, 0xF7, 0xE3, 0x8D, 0xFF,
    0xF6, 0xE0, 0x86, 0xFF, 0xF6, 0xDC, 0x82, 0xFF, 0xF6, 0xDB, 0x80, 0xFF,
    0xF6, 0xDA, 0x80, 0xFF, 0xF4, 0xD5, 0x7C, 0xFF, 0xF4, 0xD2, 0x78, 0xFF,
    0xF3, 0xCB, 0x75, 0xFF, 0xF6, 0xCC, 0x76, 0xFF, 0xFA, 0xCB, 0x70, 0xFF,
    0xFF, 0xD4, 0x72, 0xFF, 0xFF, 0xDB, 0x72, 0xFF, 0xFF, 0xD9, 0x77, 0xFF,
    0xED, 0xC0, 0x6E, 0xFF, 0xCE, 0xA6, 0x66, 0xFF, 0x5C, 0x45, 0x29, 0xFF,
    0x00, 0x00, 0x00, 0xFF, 0x08, 0x17, 0x29, 0xFF, 0x24, 0x40, 0x61, 0xFF,
    0x4C, 0x72, 0xA4, 0xFF, 0x60, 0x92, 0xCC, 0xFF, 0x5E, 0xA6, 0xE7, 0xFF,
    0x54, 0x9F, 0xE6, 0xFF, 0x5A, 0xA3, 0xE4, 0xFF, 0x5D, 0xA2, 0xE4, 0xFF,
    0xF4, 0x8F, 0x4C, 0xFF, 0xF5, 0x91, 0x4F, 0xFF, 0xF5, 0x99, 0x4F, 0xFF,
    0xF6, 0x9B, 0x51, 0xFF, 0xF4, 0xAC, 0x5B, 0xFF, 0xF5, 0xB0, 0x62, 0xFF,
    0xF5, 0xBA, 0x65, 0xFF, 0xF5, 0xC6, 0x6C, 0xFF, 0xF6, 0xCB, 0x70, 0xFF,
    0xF9, 0xCD, 0x73, 0xFF, 0xF5, 0xC2, 0x6C, 0xFF, 0xF5, 0xC5, 0x70, 0xFF,
    0xF5, 0xCA, 0x7A, 0xFF, 0xD1, 0xB6, 0x7C, 0xFF, 0xC2, 0xA2, 0x67, 0xFF,
    0x72, 0x61, 0x3E, 0xFF, 0x28, 0x29, 0x22, 0xFF, 0x01, 0x03, 0x04, 0xFF,
    0x07, 0x07, 0x09, 0xFF, 0x1C, 0x1B, 0x1A, 0xFF, 0x1C, 0x1B, 0x1B, 0xFF,
    0x1A, 0x18, 0x19, 0xFF, 0x0E, 0x0E, 0x0D, 0xFF, 0x11, 0x12, 0x10, 0xFF,
    0x15, 0x17, 0x14, 0xFF, 0x1B, 0x1C, 0x1B, 0xFF, 0x09, 0x0A, 0x0B, 0xFF,
    0x11, 0x11, 0x13, 0xFF, 0x09, 0x09, 0x0C, 0xFF, 0x0A, 0x03, 0x03, 0xFF,
    0xBF, 0x29, 0x1A, 0xFF, 0xE4, 0x2F, 0x16, 0xFF, 0xC1, 0x35, 0x1C, 0xFF,
    0x35, 0x0D, 0x0B, 0xFF, 0x00, 0x00, 0x00, 0xFF, 0x00, 0x01, 0x08, 0xFF,
    0xC2, 0xC0, 0x96, 0xFF, 0xFD, 0xF5, 0xA3, 0xFF, 0xF4, 0xEB, 0x9C, 0xFF,
    0xF7, 0xEA, 0x9C, 0xFF, 0xF5, 0xE8, 0x94, 0xFF, 0xF4, 0xE5, 0x8E, 0xFF,
    0xF2, 0xE1, 0x89, 0xFF, 0xF2, 0xE0, 0x87, 0xFF, 0xF8, 0xE1, 0x83, 0xFF,
    0xFB, 0xE1, 0x7F, 0xFF, 0xFF, 0xE9, 0x87, 0xFF, 0xFF, 0xE0, 0x89, 0xFF,
    0xDF, 0xC3, 0x86, 0xFF, 0x7C, 0x6D, 0x47, 0xFF, 0x6E, 0x60, 0x3C, 0xFF,
    0x6A, 0x5C, 0x38, 0xFF, 0x31, 0x28, 0x18, 0xFF, 0x00, 0x00, 0x00, 0xFF,
    0x17, 0x23, 0x33, 0xFF, 0x5D, 0x76, 0x95, 0xFF, 0x87, 0xBA, 0xE4, 0xFF,
    0x85, 0xBC, 0xEE, 0xFF, 0x79, 0xB5, 0xEB, 0xFF, 0x68, 0xA7, 0xE1, 0xFF,
    0x5E, 0x9E, 0xE1, 0xFF, 0x4F, 0x93, 0xDA, 0xFF, 0x55, 0x95, 0xD9, 0xFF,
    0x4F, 0x93, 0xD8, 0xFF, 0xF3, 0x99, 0x4F, 0xFF, 0xF5, 0xA3, 0x57, 0xFF,
    0xF4, 0xAC, 0x5E, 0xFF, 0xF6, 0xA7, 0x5B, 0xFF, 0xF5, 0xB8, 0x67, 0xFF,
    0xF5, 0xC6, 0x6E, 0xFF, 0xF5, 0xC8, 0x6C, 0xFF, 0xF7, 0xCD, 0x75, 0xFF,
    0xF9, 0xD2, 0x7A, 0xFF, 0xFA, 0xD3, 0x7B, 0xFF, 0xF7, 0xCA, 0x73, 0xFF,
    0xFE, 0xD5, 0x84, 0xFF, 0xBB, 0xA6, 0x78, 0xFF, 0x05, 0x07, 0x08, 0xFF,
    0x19, 0x1C, 0x1E, 0xFF, 0x2F, 0x31, 0x34, 0xFF, 0x19, 0x1A, 0x1C, 0xFF,
    0x1E, 0x1F, 0x1F, 0xFF, 0x18, 0x1A, 0x1A, 0xFF, 0x0A, 0x0C, 0x0B, 0xFF,
    0x02, 0x02, 0x04, 0xFF, 0x00, 0x00, 0x00, 0xFF, 0x00, 0x00, 0x00, 0xFF,
    0x03, 0x07, 0x0A, 0xFF, 0x0F, 0x16, 0x19, 0xFF, 0x07, 0x0E, 0x0F, 0xFF,
    0x01, 0x03, 0x02, 0xFF, 0x09, 0x09, 0x08, 0xFF, 0x00, 0x02, 0x04, 0xFF,
    0x28, 0x08, 0x07, 0xFF, 0xCD, 0x22, 0x17, 0xFF, 0xC8, 0x22, 0x19, 0xFF,
    0x2A, 0x08, 0x08, 0xFF, 0x0B, 0x09, 0x06, 0xFF, 0x26, 0x22, 0x13, 0xFF,
    0x2A, 0x26, 0x1A, 0xFF, 0xD6, 0xD3, 0xA0, 0xFF, 0xFD, 0xFA, 0xAE, 0xFF,
    0xF7, 0xF0, 0xAB, 0xFF, 0xF8, 0xF1, 0xA9, 0xFF, 0xF4, 0xEC, 0xA1, 0xFF,
    0xF8, 0xEF, 0x9F, 0xFF, 0xFF, 0xF9, 0xA8, 0xFF, 0xFF, 0xF9, 0xA6, 0xFF,
    0xF4, 0xE6, 0x9C, 0xFF, 0xDE, 0xD0, 0x8B, 0xFF, 0x93, 0x8B, 0x5A, 0xFF,
    0x5D, 0x56, 0x3B, 0xFF, 0x06, 0x08, 0x09, 0xFF, 0x00, 0x00, 0x00, 0xFF,
    0x12, 0x19, 0x25, 0xFF, 0x35, 0x3D, 0x4E, 0xFF, 0x3C, 0x46, 0x56, 0xFF,
    0x59, 0x6A, 0x7D, 0xFF, 0x97, 0xBC, 0xDD, 0xFF, 0x98, 0xC8, 0xEB, 0xFF,
    0x78, 0xB0, 0xDC, 0xFF, 0x6E, 0xA6, 0xD7, 0xFF, 0x69, 0xA6, 0xD8, 0xFF,
    0x65, 0xA2, 0xD7, 0xFF, 0x56, 0x9A, 0xDE, 0xFF, 0x4B, 0x94, 0xE2, 0xFF,
    0x51, 0x91, 0xD8, 0xFF, 0x55, 0x97, 0xD9, 0xFF, 0xF3, 0xA2, 0x54, 0xFF,
    0xF0, 0xA8, 0x5C, 0xFF, 0xF2, 0xB5, 0x62, 0xFF, 0xF3, 0xB5, 0x61, 0xFF,
    0xF2, 0xBD, 0x6B, 0xFF, 0xF4, 0xC6, 0x73, 0xFF, 0xF5, 0xCA, 0x6D, 0xFF,
    0xF6, 0xD0, 0x74, 0xFF, 0xF7, 0xD4, 0x7B, 0xFF, 0xF6, 0xD1, 0x75, 0xFF,
    0xF4, 0xCB, 0x70, 0xFF, 0xFF, 0xDC, 0x88, 0xFF, 0x51, 0x4A, 0x37, 0xFF,
    0x2B, 0x2E, 0x2F, 0xFF, 0xF1, 0xF1, 0xF1, 0xFF, 0xFF, 0xFF, 0xFF, 0xFF,
    0xFF, 0xFF, 0xFF, 0xFF, 0xF0, 0xF2, 0xEF, 0xFF, 0xDF, 0xE4, 0xDF, 0xFF,
    0xC4, 0xC9, 0xC4, 0xFF, 0xB5, 0xB7, 0xB6, 0xFF, 0xA1, 0xA3, 0xA3, 0xFF,
    0x88, 0x8D, 0x8B, 0xFF, 0x69, 0x6E, 0x6C, 0xFF, 0x56, 0x58, 0x57, 0xFF,
    0x33, 0x34, 0x35, 0xFF, 0x1C, 0x20, 0x1F, 0xFF, 0x1D, 0x1F, 0x1E, 0xFF,
    0x03, 0x08, 0x0B, 0xFF, 0x51, 0x0C, 0x0B, 0xFF, 0xDE, 0x1F, 0x17, 0xFF,
    0x9C, 0x1A, 0x13, 0xFF, 0x00, 0x00, 0x00, 0xFF, 0xA1, 0x9B, 0x68, 0xFF,
    0xFB, 0xF9, 0x9F, 0xFF, 0xF2, 0xF0, 0x97, 0xFF, 0xFC, 0xFA, 0xAF, 0xFF,
    0xF8, 0xF6, 0xAE, 0xFF, 0xF7, 0xF4, 0xB0, 0xFF, 0xF7, 0xF4, 0xB0, 0xFF,
    0xFF, 0xFF, 0xC5, 0xFF, 0xF3, 0xF2, 0xB3, 0xFF, 0xAD, 0xAC, 0x7D, 0xFF,
    0x9B, 0x97, 0x6A, 0xFF, 0x28, 0x25, 0x1B, 0xFF, 0x00, 0x00, 0x00, 0xFF,
    0x01, 0x02, 0x07, 0xFF, 0x4D, 0x4E, 0x50, 0xFF, 0x6F, 0x73, 0x6F, 0xFF,
    0xAC, 0xB2, 0xB2, 0xFF, 0xBC, 0xD0, 0xD6, 0xFF, 0xD3, 0xED, 0xFA, 0xFF,
    0xC8, 0xEC, 0xF9, 0xFF, 0xC4, 0xE9, 0xFD, 0xFF, 0xA7, 0xD2, 0xF1, 0xFF,
    0x9E, 0xD1, 0xF1, 0xFF, 0x7F, 0xC0, 0xF1, 0xFF, 0x75, 0xB6, 0xEE, 0xFF,
    0x7E, 0xBC, 0xEF, 0xFF, 0x6A, 0xAC, 0xE4, 0xFF, 0x57, 0x9C, 0xE1, 0xFF,
    0x43, 0x8A, 0xD9, 0xFF, 0x50, 0x94, 0xDB, 0xFF, 0x4C, 0x8F, 0xE0, 0xFF,
    0xF4, 0xA9, 0x5E, 0xFF, 0xF2, 0xB3, 0x64, 0xFF, 0xF5, 0xBA, 0x66, 0xFF,
    0xF5, 0xBE, 0x6A, 0xFF, 0xF3, 0xC2, 0x6D, 0xFF, 0xF6, 0xC7, 0x73, 0xFF,
    0xF4, 0xCA, 0x70, 0xFF, 0xF6, 0xCF, 0x7B, 0xFF, 0xF7, 0xD4, 0x7F, 0xFF,
    0xF7, 0xD5, 0x7A, 0xFF, 0xF5, 0xCF, 0x75, 0xFF, 0xFE, 0xDD, 0x8C, 0xFF,
    0x40, 0x39, 0x2A, 0xFF, 0x0E, 0x0E, 0x11, 0xFF, 0x53, 0x53, 0x54, 0xFF,
    0x57, 0x59, 0x58, 0xFF, 0x9C, 0x9E, 0x9F, 0xFF, 0xFF, 0xFF, 0xFF, 0xFF,
    0xFF, 0xFF, 0xFF, 0xFF, 0xFF, 0xFF, 0xFF, 0xFF, 0xEF, 0xF0, 0xED, 0xFF,
    0xE7, 0xE9, 0xE6, 0xFF, 0xFC, 0xFF, 0xFB, 0xFF, 0xFF, 0xFF, 0xFF, 0xFF,
    0xFF, 0xFF, 0xFF, 0xFF, 0xFE, 0xFF, 0xFB, 0xFF, 0xE1, 0xE4, 0xE0, 0xFF,
    0xD8, 0xD7, 0xD8, 0xFF, 0x57, 0x61, 0x5E, 0xFF, 0x68, 0x03, 0x03, 0xFF,
    0xD6, 0x16, 0x15, 0xFF, 0x5C, 0x09, 0x08, 0xFF, 0x05, 0x01, 0x01, 0xFF,
    0x5D, 0x5A, 0x44, 0xFF, 0xE6, 0xE4, 0xAA, 0xFF, 0xFD, 0xFD, 0xC1, 0xFF,
    0xF8, 0xF3, 0xBE, 0xFF, 0xFD, 0xF9, 0xBF, 0xFF, 0xFF, 0xFF, 0xC7, 0xFF,
    0xFF, 0xFF, 0xC5, 0xFF, 0x9B, 0x9F, 0x7F, 0xFF, 0x41, 0x41, 0x31, 0xFF,
    0x00, 0x00, 0x00, 0xFF, 0x13, 0x14, 0x17, 0xFF, 0x42, 0x45, 0x46, 0xFF,
    0x6F, 0x72, 0x6D, 0xFF, 0xEF, 0xF0, 0xE8, 0xFF, 0xFF, 0xFF, 0xFF, 0xFF,
    0xFF, 0xFF, 0xFF, 0xFF, 0xFF, 0xFF, 0xFF, 0xFF, 0xEC, 0xF9, 0xFC, 0xFF,
    0xC9, 0xE2, 0xE8, 0xFF, 0xA7, 0xCE, 0xD5, 0xFF, 0x5B, 0x74, 0x80, 0xFF,
    0x46, 0x60, 0x6F, 0xFF, 0x42, 0x5D, 0x6D, 0xFF, 0x3A, 0x55, 0x6A, 0xFF,
    0x32, 0x4A, 0x65, 0xFF, 0x3E, 0x5A, 0x74, 0xFF, 0x4A, 0x7E, 0xAD, 0xFF,
    0x50, 0x99, 0xDA, 0xFF, 0x4C, 0x92, 0xD7, 0xFF, 0x51, 0x90, 0xD6, 0xFF,
    0x4D, 0x91, 0xDD, 0xFF, 0xF4, 0xBB, 0x70, 0xFF, 0xF3, 0xC0, 0x70, 0xFF,
    0xF4, 0xC5, 0x73, 0xFF, 0xF3, 0xC5, 0x74, 0xFF, 0xF5, 0xCB, 0x79, 0xFF,
    0xF3, 0xCB, 0x7A, 0xFF, 0xF4, 0xC9, 0x76, 0xFF, 0xF8, 0xD1, 0x7F, 0xFF,
    0xF9, 0xDA, 0x87, 0xFF, 0xF5, 0xD5, 0x81, 0xFF, 0xFE, 0xDF, 0x8C, 0xFF,
    0x8B, 0x7A, 0x50, 0xFF, 0x13, 0x15, 0x18, 0xFF, 0xA2, 0xA4, 0xA9, 0xFF,
    0xBC, 0xC0, 0xBB, 0xFF, 0x9D, 0x9B, 0x9A, 0xFF, 0x1E, 0x1A, 0x20, 0xFF,
    0xCB, 0xCD, 0xCC, 0xFF, 0xFF, 0xFF, 0xFF, 0xFF, 0x80, 0x84, 0x80, 0xFF,
    0x16, 0x18, 0x19, 0xFF, 0x41, 0x42, 0x44, 0xFF, 0x46, 0x46, 0x48, 0xFF,
    0x36, 0x37, 0x37, 0xFF, 0xCC, 0xCF, 0xCE, 0xFF, 0xFF, 0xFE, 0xFC, 0xFF,
    0xFF, 0xFF, 0xFE, 0xFF, 0xFF, 0xFF, 0xFF, 0xFF, 0x48, 0x44, 0x40, 0xFF,
    0x8D, 0x01, 0x05, 0xFF, 0x8A, 0x27, 0x29, 0xFF, 0x45, 0x20, 0x20, 0xFF,
    0x0A, 0x03, 0x04, 0xFF, 0x07, 0x06, 0x07, 0xFF, 0xD9, 0xD1, 0x9C, 0xFF,
    0xFC, 0xF5, 0xB9, 0xFF, 0xFF, 0xFF, 0xCC, 0xFF, 0xEF, 0xEE, 0xB9, 0xFF,
    0xBD, 0xBE, 0x9C, 0xFF, 0x53, 0x4E, 0x3F, 0xFF, 0x00, 0x00, 0x00, 0xFF,
    0x2D, 0x38, 0x40, 0xFF, 0x73, 0x84, 0x85, 0xFF, 0xEB, 0xF8, 0xF4, 0xFF,
    0xFA, 0xFF, 0xFA, 0xFF, 0xAB, 0xAD, 0xA4, 0xFF, 0xA5, 0xA4, 0x9C, 0xFF,
    0x89, 0x87, 0x81, 0xFF, 0x7D, 0x7E, 0x75, 0xFF, 0x83, 0x88, 0x86, 0xFF,
    0xB7, 0xC8, 0xCB, 0xFF, 0x7F, 0x8A, 0x8F, 0xFF, 0x0F, 0x13, 0x17, 0xFF,
    0x07, 0x0C, 0x17, 0xFF, 0x0B, 0x15, 0x24, 0xFF, 0x14, 0x20, 0x2C, 0xFF,
    0x13, 0x20, 0x2F, 0xFF, 0x11, 0x1B, 0x28, 0xFF, 0x00, 0x00, 0x01, 0xFF,
    0x00, 0x00, 0x00, 0xFF, 0x40, 0x62, 0x85, 0xFF, 0x72, 0xB4, 0xF2, 0xFF,
    0x4E, 0x8C, 0xD5, 0xFF, 0x50, 0x8C, 0xDA, 0xFF, 0xF2, 0xB0, 0x65, 0xFF,
    0xF2, 0xB8, 0x6A, 0xFF, 0xF2, 0xC0, 0x6F, 0xFF, 0xF2, 0xBF, 0x72, 0xFF,
    0xF3, 0xC7, 0x75, 0xFF, 0xF4, 0xCB, 0x77, 0xFF, 0xF4, 0xCA, 0x72, 0xFF,
    0xF5, 0xD1, 0x7C, 0xFF, 0xF6, 0xD9, 0x84, 0xFF, 0xF4, 0xD6, 0x7A, 0xFF,
    0xFF, 0xE6, 0x7F, 0xFF, 0x4B, 0x3E, 0x22, 0xFF, 0x2F, 0x32, 0x3D, 0xFF,
    0xE8, 0xED, 0xEF, 0xFF, 0xE4, 0xE6, 0xE4, 0xFF, 0xFF, 0xFF, 0xFF, 0xFF,
    0x79, 0x76, 0x79, 0xFF, 0x86, 0x89, 0x86, 0xFF, 0x94, 0x96, 0x94, 0xFF,
    0x41, 0x45, 0x4C, 0xFF, 0xC7, 0xCC, 0xCE, 0xFF, 0xE0, 0xE4, 0xE4, 0xFF,
    0xDF, 0xDF, 0xE1, 0xFF, 0x64, 0x62, 0x66, 0xFF, 0x38, 0x39, 0x3C, 0xFF,
    0xFE, 0xFE, 0xFE, 0xFF, 0xFE, 0xFD, 0xFD, 0xFF, 0xE1, 0xEB, 0xE4, 0xFF,
    0x35, 0x18, 0x19, 0xFF, 0x92, 0x06, 0x0A, 0xFF, 0xD1, 0xC3, 0xC0, 0xFF,
    0xE6, 0xEF, 0xED, 0xFF, 0x89, 0x90, 0x8B, 0xFF, 0x06, 0x06, 0x04, 0xFF,
    0xAB, 0xA7, 0x84, 0xFF, 0xFF, 0xFD, 0xC2, 0xFF, 0xA1, 0x9F, 0x80, 0xFF,
    0x3D, 0x38, 0x2A, 0xFF, 0x00, 0x00, 0x00, 0xFF, 0x0A, 0x15, 0x20, 0xFF,
    0x40, 0x60, 0x6F, 0xFF, 0xC1, 0xF7, 0xFF, 0xFF, 0xD4, 0xFF, 0xFF, 0xFF,
    0x8D, 0x9D, 0xA0, 0xFF, 0x2F, 0x36, 0x3C, 0xFF, 0x06, 0x14, 0x1D, 0xFF,
    0x07, 0x16, 0x1D, 0xFF, 0x07, 0x17, 0x20, 0xFF, 0x04, 0x11, 0x22, 0xFF,
    0x00, 0x00, 0x02, 0xFF, 0x06, 0x09, 0x0A, 0xFF, 0x15, 0x1A, 0x14, 0xFF,
    0x04, 0x05, 0x03, 0xFF, 0x17, 0x20, 0x29, 0xFF, 0x24, 0x36, 0x3F, 0xFF,
    0x28, 0x3C, 0x47, 0xFF, 0x28, 0x3C, 0x4C, 0xFF, 0x23, 0x38, 0x45, 0xFF,
    0x16, 0x21, 0x28, 0xFF, 0x09, 0x09, 0x09, 0xFF, 0x0F, 0x19, 0x21, 0xFF,
    0x31, 0x5A, 0x82, 0xFF, 0x57, 0x99, 0xEA, 0xFF, 0x4D, 0x88, 0xD3, 0xFF,
    0xF3, 0xB8, 0x69, 0xFF, 0xF3, 0xBB, 0x6D, 0xFF, 0xF7, 0xC0, 0x71, 0xFF,
    0xF4, 0xC0, 0x75, 0xFF, 0xF6, 0xCB, 0x7E, 0xFF, 0xF7, 0xCB, 0x7D, 0xFF,
    0xF5, 0xC7, 0x71, 0xFF, 0xF6, 0xCE, 0x7D, 0xFF, 0xF7, 0xDA, 0x89, 0xFF,
    0xF6, 0xDB, 0x7C, 0xFF, 0xFF, 0xEC, 0x7A, 0xFF, 0x57, 0x4D, 0x29, 0xFF,
    0x3A, 0x3E, 0x48, 0xFF, 0xE3, 0xE6, 0xED, 0xFF, 0xD9, 0xDA, 0xDD, 0xFF,
    0xE6, 0xE7, 0xE7, 0xFF, 0xC4, 0xC1, 0xC5, 0xFF, 0x3B, 0x3B, 0x3A, 0xFF,
    0x43, 0x4A, 0x4F, 0xFF, 0xDC, 0xE2, 0xE9, 0xFF, 0xF2, 0xF2, 0xF3, 0xFF,
    0xE7, 0xE8, 0xE6, 0xFF, 0xF0, 0xF1, 0xF0, 0xFF, 0xB7, 0xB5, 0xBA, 0xFF,
    0x37, 0x38, 0x3B, 0xFF, 0xFE, 0xFE, 0xFD, 0xFF, 0xFF, 0xFF, 0xFF, 0xFF,
    0xB8, 0xC5, 0xBF, 0xFF, 0x3B, 0x01, 0x03, 0xFF, 0x91, 0x23, 0x27, 0xFF,
    0xE9, 0xEB, 0xE6, 0xFF, 0xFF, 0xFF, 0xFF, 0xFF, 0x94, 0x99, 0x93, 0xFF,
    0x08, 0x0A, 0x0C, 0xFF, 0x83, 0x8B, 0x84, 0xFF, 0x3D, 0x3B, 0x2D, 0xFF,
    0x00, 0x01, 0x09, 0xFF, 0x28, 0x42, 0x5A, 0xFF, 0x5A, 0x8E, 0xB0, 0xFF,
    0x7F, 0xD1, 0xF6, 0xFF, 0x74, 0xBF, 0xE5, 0xFF, 0x52, 0x80, 0x9C, 0xFF,
    0x2D, 0x42, 0x5D, 0xFF, 0x00, 0x00, 0x00, 0xFF, 0x00, 0x05, 0x14, 0xFF,
    0x21, 0x35, 0x4E, 0xFF, 0x1D, 0x38, 0x56, 0xFF, 0x21, 0x45, 0x63, 0xFF,
    0x15, 0x28, 0x43, 0xFF, 0x09, 0x0D, 0x14, 0xFF, 0x1C, 0x24, 0x1A, 0xFF,
    0x2F, 0x3E, 0x2A, 0xFF, 0x31, 0x3E, 0x2C, 0xFF, 0x32, 0x3D, 0x27, 0xFF,
    0x3C, 0x49, 0x2C, 0xFF, 0x32, 0x41, 0x24, 0xFF, 0x2C, 0x37, 0x20, 0xFF,
    0x2E, 0x3D, 0x25, 0xFF, 0x1C, 0x27, 0x19, 0xFF, 0x13, 0x18, 0x13, 0xFF,
    0x00, 0x00, 0x00, 0xFF, 0x13, 0x20, 0x31, 0xFF, 0x4F, 0x86, 0xC6, 0xFF,
    0x48, 0x8B, 0xD7, 0xFF, 0xF3, 0xBB, 0x6D, 0xFF, 0xF6, 0xC0, 0x6E, 0xFF,
    0xF7, 0xC5, 0x74, 0xFF, 0xF5, 0xC6, 0x78, 0xFF, 0xF6, 0xCD, 0x80, 0xFF,
    0xF6, 0xCD, 0x7E, 0xFF, 0xF5, 0xC7, 0x74, 0xFF, 0xF6, 0xCF, 0x7F, 0xFF,
    0xF8, 0xD9, 0x8B, 0xFF, 0xFA, 0xDD, 0x88, 0xFF, 0xF5, 0xE1, 0x82, 0xFF,
    0x3B, 0x35, 0x20, 0xFF, 0x55, 0x56, 0x65, 0xFF, 0xEB, 0xEC, 0xF1, 0xFF,
    0xDF, 0xE1, 0xE1, 0xFF, 0xED, 0xEE, 0xEF, 0xFF, 0xE8, 0xE4, 0xE9, 0xFF,
    0x1B, 0x1B, 0x1E, 0xFF, 0x93, 0x9C, 0xA8, 0xFF, 0xEF, 0xF3, 0xF4, 0xFF,
    0xE2, 0xE2, 0xDF, 0xFF, 0xEA, 0xEA, 0xE8, 0xFF, 0xFA, 0xFA, 0xFA, 0xFF,
    0x9D, 0x9C, 0xA0, 0xFF, 0x45, 0x46, 0x47, 0xFF, 0xFF, 0xFF, 0xFF, 0xFF,
    0xFF, 0xFF, 0xFF, 0xFF, 0x7B, 0x8E, 0x88, 0xFF, 0x51, 0x00, 0x00, 0xFF,
    0xA8, 0x4B, 0x4E, 0xFF, 0xF2, 0xFD, 0xFA, 0xFF, 0xFD, 0xFD, 0xFD, 0xFF,
    0x7A, 0x7D, 0x78, 0xFF, 0x06, 0x06, 0x06, 0xFF, 0x19, 0x1D, 0x23, 0xFF,
    0x07, 0x10, 0x1D, 0xFF, 0x59, 0x91, 0xC0, 0xFF, 0x7B, 0xC2, 0xF1, 0xFF,
    0x7E, 0xCD, 0xF6, 0xFF, 0x3B, 0x62, 0x85, 0xFF, 0x07, 0x0D, 0x1B, 0xFF,
    0x34, 0x2E, 0x0B, 0xFF, 0x83, 0x7A, 0x23, 0xFF, 0xAA, 0xA4, 0x3F, 0xFF,
    0xAE, 0xAA, 0x3D, 0xFF, 0xA8, 0xA2, 0x34, 0xFF, 0x9F, 0x9A, 0x34, 0xFF,
    0x76, 0x70, 0x24, 0xFF, 0x27, 0x22, 0x0A, 0xFF, 0x38, 0x36, 0x19, 0xFF,
    0x31, 0x31, 0x17, 0xFF, 0x1C, 0x1E, 0x0D, 0xFF, 0x15, 0x18, 0x0F, 0xFF,
    0x09, 0x0E, 0x11, 0xFF, 0x12, 0x18, 0x1D, 0xFF, 0x27, 0x31, 0x29, 0xFF,
    0x3F, 0x4E, 0x3B, 0xFF, 0x29, 0x35, 0x2C, 0xFF, 0x01, 0x01, 0x03, 0xFF,
    0x0A, 0x0D, 0x0B, 0xFF, 0x2D, 0x39, 0x2A, 0xFF, 0x14, 0x16, 0x10, 0xFF,
    0x00, 0x03, 0x0A, 0xFF, 0x43, 0x7C, 0xBE, 0xFF, 0xF5, 0xC0, 0x76, 0xFF,
    0xF4, 0xC3, 0x74, 0xFF, 0xF8, 0xCC, 0x78, 0xFF, 0xF7, 0xCE, 0x82, 0xFF,
    0xF7, 0xCF, 0x85, 0xFF, 0xF7, 0xCC, 0x81, 0xFF, 0xF5, 0xC8, 0x7A, 0xFF,
    0xF6, 0xD0, 0x81, 0xFF, 0xF7, 0xD5, 0x84, 0xFF, 0xFF, 0xE4, 0x8D, 0xFF,
    0xD1, 0xB7, 0x68, 0xFF, 0x00, 0x00, 0x00, 0xFF, 0x79, 0x7B, 0x87, 0xFF,
    0xF2, 0xF3, 0xF4, 0xFF, 0xEA, 0xEC, 0xE8, 0xFF, 0xFD, 0xFE, 0xFD, 0xFF,
    0xDD, 0xDC, 0xD8, 0xFF, 0x32, 0x34, 0x39, 0xFF, 0xD4, 0xD8, 0xE3, 0xFF,
    0xE8, 0xEA, 0xE9, 0xFF, 0xF3, 0xF4, 0xF1, 0xFF, 0xF0, 0xF0, 0xED, 0xFF,
    0xFF, 0xFF, 0xFF, 0xFF, 0x8A, 0x89, 0x8A, 0xFF, 0x4B, 0x4C, 0x4D, 0xFF,
    0xFF, 0xFF, 0xFF, 0xFF, 0xFF, 0xFF, 0xFF, 0xFF, 0x5B, 0x67, 0x62, 0xFF,
    0x5F, 0x00, 0x00, 0xFF, 0xB0, 0x72, 0x78, 0xFF, 0xFD, 0xFF, 0xFF, 0xFF,
    0xFF, 0xFF, 0xFF, 0xFF, 0x63, 0x65, 0x5D, 0xFF, 0x04, 0x0C, 0x1A, 0xFF,
    0x4A, 0x80, 0xB6, 0xFF, 0x60, 0xA0, 0xD8, 0xFF, 0x69, 0xB0, 0xE7, 0xFF,
    0x71, 0xB8, 0xE5, 0xFF, 0x2C, 0x49, 0x6C, 0xFF, 0x15, 0x11, 0x03, 0xFF,
    0xAF, 0xAC, 0x3B, 0xFF, 0xFE, 0xF9, 0x4D, 0xFF, 0xFF, 0xFF, 0x4D, 0xFF,
    0xFF, 0xFF, 0x48, 0xFF, 0xFF, 0xFF, 0x47, 0xFF, 0xFF, 0xFF, 0x49, 0xFF,
    0xFF, 0xFF, 0x4A, 0xFF, 0xFF, 0xFF, 0x4B, 0xFF, 0xF6, 0xF5, 0x4D, 0xFF,
    0xF8, 0xF6, 0x4E, 0xFF, 0xF3, 0xF0, 0x48, 0xFF, 0xE4, 0xE1, 0x43, 0xFF,
    0xD4, 0xD3, 0x41, 0xFF, 0xAB, 0xA9, 0x3A, 0xFF, 0x6B, 0x6D, 0x27, 0xFF,
    0x1A, 0x1D, 0x0E, 0xFF, 0x00, 0x02, 0x0B, 0xFF, 0x00, 0x00, 0x00, 0xFF,
    0x1C, 0x21, 0x19, 0xFF, 0x41, 0x4C, 0x38, 0xFF, 0x3D, 0x4C, 0x38, 0xFF,
    0x3C, 0x49, 0x3A, 0xFF, 0x0B, 0x08, 0x04, 0xFF, 0x19, 0x2E, 0x4E, 0xFF,
    0xF5, 0xC5, 0x78, 0xFF, 0xF3, 0xC5, 0x78, 0xFF, 0xF8, 0xC9, 0x79, 0xFF,
    0xF5, 0xCA, 0x7F, 0xFF, 0xF5, 0xCD, 0x84, 0xFF, 0xF7, 0xCD, 0x7F, 0xFF,
    0xF6, 0xCA, 0x76, 0xFF, 0xF7, 0xCE, 0x7F, 0xFF, 0xF5, 0xCD, 0x81, 0xFF,
    0xFF, 0xD9, 0x84, 0xFF, 0xCB, 0xAB, 0x60, 0xFF, 0x02, 0x01, 0x01, 0xFF,
    0x80, 0x84, 0x8A, 0xFF, 0xFB, 0xFC, 0xFA, 0xFF, 0xFC, 0xFC, 0xF8, 0xFF,
    0xFE, 0xFE, 0xFE, 0xFF, 0x9C, 0x9C, 0x99, 0xFF, 0x39, 0x39, 0x41, 0xFF,
    0xEF, 0xF0, 0xF3, 0xFF, 0xF8, 0xF8, 0xF2, 0xFF, 0xFF, 0xFF, 0xFC, 0xFF,
    0xFB, 0xFC, 0xF7, 0xFF, 0xFE, 0xFE, 0xFF, 0xFF, 0x7C, 0x7C, 0x7A, 0xFF,
    0x5D, 0x5E, 0x5E, 0xFF, 0xFF, 0xFF, 0xFF, 0xFF, 0xF0, 0xF8, 0xF0, 0xFF,
    0x3A, 0x33, 0x32, 0xFF, 0x6C, 0x01, 0x06, 0xFF, 0xBD, 0xA3, 0xA7, 0xFF,
    0xFF, 0xFF, 0xFF, 0xFF, 0xEE, 0xF0, 0xE8, 0xFF, 0x1E, 0x1C, 0x14, 0xFF,
    0x29, 0x4A, 0x77, 0xFF, 0x6F, 0xB8, 0xF7, 0xFF, 0x69, 0xA7, 0xDD, 0xFF,
    0x72, 0xB5, 0xEB, 0xFF, 0x29, 0x48, 0x69, 0xFF, 0x15, 0x13, 0x04, 0xFF,
    0xD5, 0xD7, 0x4D, 0xFF, 0xFF, 0xFF, 0x49, 0xFF, 0xF3, 0xEE, 0x3F, 0xFF,
    0xF3, 0xEE, 0x41, 0xFF, 0xF6, 0xF1, 0x42, 0xFF, 0xF7, 0xF2, 0x43, 0xFF,
    0xF7, 0xF1, 0x42, 0xFF, 0xF7, 0xF1, 0x42, 0xFF, 0xF6, 0xF2, 0x41, 0xFF,
    0xFA, 0xF3, 0x41, 0xFF, 0xF9, 0xF2, 0x40, 0xFF, 0xFA, 0xF3, 0x41, 0xFF,
    0xFC, 0xF5, 0x44, 0xFF, 0xFF, 0xFA, 0x44, 0xFF, 0xFF, 0xFF, 0x47, 0xFF,
    0xFF, 0xFF, 0x4C, 0xFF, 0xEA, 0xE9, 0x4C, 0xFF, 0x8B, 0x8B, 0x32, 0xFF,
    0x20, 0x1F, 0x0E, 0xFF, 0x0D, 0x12, 0x13, 0xFF, 0x3D, 0x4E, 0x39, 0xFF,
    0x39, 0x47, 0x36, 0xFF, 0x3D, 0x4A, 0x3A, 0xFF, 0x2B, 0x32, 0x29, 0xFF,
    0x02, 0x00, 0x08, 0xFF, 0xF4, 0xC5, 0x75, 0xFF, 0xF5, 0xC5, 0x77, 0xFF,
    0xF7, 0xC9, 0x7E, 0xFF, 0xF3, 0xC8, 0x7F, 0xFF, 0xF3, 0xC8, 0x7F, 0xFF,
    0xF5, 0xC1, 0x78, 0xFF, 0xF3, 0xBA, 0x6D, 0xFF, 0xF3, 0xC0, 0x74, 0xFF,
    0xF1, 0xBE, 0x74, 0xFF, 0xFE, 0xC9, 0x78, 0xFF, 0xB8, 0x90, 0x57, 0xFF,
    0x00, 0x00, 0x00, 0xFF, 0x8F, 0x91, 0x97, 0xFF, 0xF4, 0xF4, 0xF3, 0xFF,
    0xF2, 0xF1, 0xEF, 0xFF, 0xFF, 0xFF, 0xFF, 0xFF, 0x5F, 0x5F, 0x5F, 0xFF,
    0x5A, 0x5B, 0x5F, 0xFF, 0xF3, 0xF5, 0xF7, 0xFF, 0xF4, 0xF3, 0xF3, 0xFF,
    0xF9, 0xFA, 0xF6, 0xFF, 0xF8, 0xFA, 0xF5, 0xFF, 0xFF, 0xFF, 0xFE, 0xFF,
    0x57, 0x56, 0x51, 0xFF, 0x79, 0x7E, 0x7D, 0xFF, 0xFF, 0xFF, 0xFF, 0xFF,
    0xC6, 0xD0, 0xC9, 0xFF, 0x25, 0x0C, 0x0D, 0xFF, 0x80, 0x1B, 0x1D, 0xFF,
    0xCF, 0xCF, 0xC8, 0xFF, 0xFF, 0xFF, 0xFF, 0xFF, 0x47, 0x4A, 0x43, 0xFF,
    0x0B, 0x15, 0x22, 0xFF, 0x56, 0x8C, 0xC5, 0xFF, 0x67, 0xAA, 0xE2, 0xFF,
    0x71, 0xAF, 0xE5, 0xFF, 0x48, 0x77, 0xB3, 0xFF, 0x06, 0x06, 0x03, 0xFF,
    0xC6, 0xC7, 0x45, 0xFF, 0xFF, 0xFF, 0x46, 0xFF, 0xFF, 0xFC, 0x46, 0xFF,
    0xFF, 0xFF, 0x4C, 0xFF, 0xFF, 0xFF, 0x47, 0xFF, 0xF8, 0xF2, 0x41, 0xFF,
    0xF9, 0xF4, 0x43, 0xFF, 0xFA, 0xF3, 0x42, 0xFF, 0xFA, 0xF3, 0x42, 0xFF,
    0xFA, 0xF3, 0x42, 0xFF, 0xFA, 0xF1, 0x42, 0xFF, 0xF4, 0xF0, 0x40, 0xFF,
    0xF8, 0xEF, 0x41, 0xFF, 0xFA, 0xF3, 0x42, 0xFF, 0xF5, 0xF0, 0x40, 0xFF,
    0xF2, 0xED, 0x3D, 0xFF, 0xF5, 0xF0, 0x40, 0xFF, 0xFB, 0xF4, 0x41, 0xFF,
    0xFF, 0xFF, 0x4A, 0xFF, 0xE6, 0xE5, 0x4C, 0xFF, 0x3B, 0x38, 0x13, 0xFF,
    0x11, 0x16, 0x16, 0xFF, 0x42, 0x52, 0x3E, 0xFF, 0x38, 0x46, 0x38, 0xFF,
    0x3E, 0x49, 0x3C, 0xFF, 0x19, 0x1A, 0x18, 0xFF, 0xF1, 0xBD, 0x6E, 0xFF,
    0xF1, 0xBB, 0x6D, 0xFF, 0xF3, 0xBD, 0x70, 0xFF, 0xF4, 0xBA, 0x6D, 0xFF,
    0xF2, 0xB8, 0x6B, 0xFF, 0xF3, 0xB0, 0x63, 0xFF, 0xF5, 0xAF, 0x60, 0xFF,
    0xF2, 0xAF, 0x60, 0xFF, 0xF2, 0xB0, 0x61, 0xFF, 0xFB, 0xB8, 0x65, 0xFF,
    0xBC, 0x8B, 0x55, 0xFF, 0x01, 0x00, 0x00, 0xFF, 0x9B, 0x9E, 0xA0, 0xFF,
    0xFF, 0xFF, 0xFA, 0xFF, 0xDB, 0xDA, 0xD5, 0xFF, 0xD1, 0xD0, 0xCD, 0xFF,
    0x26, 0x25, 0x24, 0xFF, 0x46, 0x47, 0x4C, 0xFF, 0xF0, 0xF3, 0xF7, 0xFF,
    0xDF, 0xDE, 0xDE, 0xFF, 0xE3, 0xE3, 0xE2, 0xFF, 0xEB, 0xED, 0xEA, 0xFF,
    0xF6, 0xF4, 0xEC, 0xFF, 0x23, 0x22, 0x1E, 0xFF, 0xBA, 0xBD, 0xBD, 0xFF,
    0xFF, 0xFF, 0xFF, 0xFF, 0x97, 0xA3, 0x9E, 0xFF, 0x2C, 0x00, 0x00, 0xFF,
    0x8B, 0x3A, 0x3E, 0xFF, 0xE8, 0xF0, 0xEB, 0xFF, 0xFE, 0xFF, 0xFD, 0xFF,
    0x2D, 0x2E, 0x2B, 0xFF, 0x2E, 0x59, 0x91, 0xFF, 0x59, 0x9E, 0xEB, 0xFF,
    0x5B, 0xA2, 0xD5, 0xFF, 0x61, 0xA7, 0xE5, 0xFF, 0x0C, 0x23, 0x4D, 0xFF,
    0x8B, 0x8B, 0x27, 0xFF, 0xFF, 0xFF, 0x50, 0xFF, 0xF5, 0xF0, 0x46, 0xFF,
    0xAF, 0xA9, 0x29, 0xFF, 0x8A, 0x86, 0x20, 0xFF, 0xB9, 0xB3, 0x2E, 0xFF,
    0xFC, 0xF5, 0x47, 0xFF, 0xFA, 0xF4, 0x42, 0xFF, 0xFA, 0xF3, 0x42, 0xFF,
    0xF9, 0xF3, 0x41, 0xFF, 0xF9, 0xF1, 0x42, 0xFF, 0xF7, 0xF0, 0x3E, 0xFF,
    0xFF, 0xFF, 0x49, 0xFF, 0xFF, 0xFC, 0x48, 0xFF, 0xEF, 0xE5, 0x3E, 0xFF,
    0xFE, 0xF6, 0x44, 0xFF, 0xFF, 0xFF, 0x4C, 0xFF, 0xFB, 0xF5, 0x42, 0xFF,
    0xF8, 0xF1, 0x41, 0xFF, 0xF4, 0xEC, 0x3F, 0xFF, 0xFF, 0xFA, 0x43, 0xFF,
    0xE4, 0xE2, 0x48, 0xFF, 0x17, 0x16, 0x0A, 0xFF, 0x2D, 0x39, 0x2C, 0xFF,
    0x3E, 0x4E, 0x39, 0xFF, 0x3B, 0x47, 0x37, 0xFF, 0x23, 0x27, 0x1F, 0xFF,
    0xEE, 0x9F, 0x54, 0xFF, 0xEE, 0x9D, 0x4F, 0xFF, 0xF1, 0x9F, 0x4F, 0xFF,
    0xF3, 0x9F, 0x51, 0xFF, 0xF3, 0xA8, 0x54, 0xFF, 0xF4, 0xAA, 0x5C, 0xFF,
    0xF3, 0xAF, 0x60, 0xFF, 0xF2, 0xB2, 0x67, 0xFF, 0xF1, 0xB4, 0x6A, 0xFF,
    0xEF, 0xB6, 0x6B, 0xFF, 0xFE, 0xCA, 0x7D, 0xFF, 0x67, 0x56, 0x38, 0xFF,
    0x1F, 0x1F, 0x22, 0xFF, 0x51, 0x51, 0x4E, 0xFF, 0x2F, 0x32, 0x31, 0xFF,
    0x67, 0x69, 0x69, 0xFF, 0x49, 0x49, 0x4A, 0xFF, 0x01, 0x02, 0x05, 0xFF,
    0xA0, 0xA5, 0xA7, 0xFF, 0xEF, 0xF2, 0xED, 0xFF, 0xEF, 0xF0, 0xEC, 0xFF,
    0xF6, 0xF3, 0xF1, 0xFF, 0x84, 0x81, 0x7E, 0xFF, 0x4D, 0x51, 0x4E, 0xFF,
    0xF7, 0xF8, 0xF8, 0xFF, 0xFF, 0xFF, 0xFF, 0xFF, 0x74, 0x7F, 0x79, 0xFF,
    0x4F, 0x01, 0x00, 0xFF, 0xA3, 0x55, 0x5D, 0xFF, 0xF7, 0xFC, 0xFB, 0xFF,
    0xF6, 0xF8, 0xEF, 0xFF, 0x26, 0x26, 0x25, 0xFF, 0x3B, 0x6A, 0xA3, 0xFF,
    0x60, 0xA1, 0xE8, 0xFF, 0x5D, 0xA1, 0xE3, 0xFF, 0x32, 0x6B, 0xB0, 0xFF,
    0x28, 0x28, 0x16, 0xFF, 0xFA, 0xF9, 0x50, 0xFF, 0xE1, 0xE2, 0x4B, 0xFF,
    0x4E, 0x4E, 0x29, 0xFF, 0x60, 0x64, 0x6B, 0xFF, 0x89, 0x8E, 0x95, 0xFF,
    0x4F, 0x54, 0x5B, 0xFF, 0x95, 0x90, 0x33, 0xFF, 0xFF, 0xFD, 0x48, 0xFF,
    0xF7, 0xF0, 0x40, 0xFF, 0xF8, 0xF1, 0x42, 0xFF, 0xFA, 0xF0, 0x3F, 0xFF,
    0xFF, 0xFB, 0x47, 0xFF, 0x9D, 0x97, 0x2E, 0xFF, 0x50, 0x50, 0x24, 0xFF,
    0x5B, 0x58, 0x3E, 0xFF, 0x5F, 0x5C, 0x2F, 0xFF, 0x80, 0x7A, 0x23, 0xFF,
    0xF5, 0xEF, 0x46, 0xFF, 0xFB, 0xF4, 0x42, 0xFF, 0xF9, 0xF2, 0x41, 0xFF,
    0xF4, 0xEB, 0x3E, 0xFF, 0xFF, 0xFF, 0x49, 0xFF, 0x8A, 0x88, 0x30, 0xFF,
    0x04, 0x06, 0x0B, 0xFF, 0x43, 0x4C, 0x38, 0xFF, 0x3F, 0x49, 0x37, 0xFF,
    0x20, 0x26, 0x1E, 0xFF, 0xF3, 0x98, 0x51, 0xFF, 0xF1, 0x96, 0x4D, 0xFF,
    0xF2, 0x99, 0x51, 0xFF, 0xF1, 0x9A, 0x4C, 0xFF, 0xF7, 0xA4, 0x4F, 0xFF,
    0xF6, 0xAB, 0x58, 0xFF, 0xFB, 0xBD, 0x67, 0xFF, 0xFD, 0xC6, 0x73, 0xFF,
    0xFB, 0xC9, 0x78, 0xFF, 0xFD, 0xCD, 0x7D, 0xFF, 0xED, 0xCA, 0x84, 0xFF,
    0x3C, 0x34, 0x22, 0xFF, 0x14, 0x15, 0x14, 0xFF, 0x74, 0x75, 0x74, 0xFF,
    0xD2, 0xD6, 0xD5, 0xFF, 0xFF, 0xFF, 0xFF, 0xFF, 0xFF, 0xFF, 0xFF, 0xFF,
    0xA0, 0x9E, 0xA0, 0xFF, 0x1C, 0x19, 0x1F, 0xFF, 0x45, 0x46, 0x48, 0xFF,
    0x61, 0x61, 0x61, 0xFF, 0x4E, 0x4D, 0x4D, 0xFF, 0x37, 0x38, 0x37, 0xFF,
    0xED, 0xEE, 0xED, 0xFF, 0xFF, 0xFE, 0xFE, 0xFF, 0xFF, 0xFF, 0xFE, 0xFF,
    0x47, 0x4C, 0x4A, 0xFF, 0x3C, 0x00, 0x00, 0xFF, 0xB1, 0x88, 0x8B, 0xFF,
    0xFF, 0xFF, 0xFF, 0xFF, 0xF0, 0xF2, 0xEA, 0xFF, 0x1C, 0x1D, 0x1E, 0xFF,
    0x47, 0x76, 0xB5, 0xFF, 0x63, 0xA1, 0xE3, 0xFF, 0x5D, 0xA9, 0xED, 0xFF,
    0x1A, 0x3F, 0x7A, 0xFF, 0x74, 0x6F, 0x1F, 0xFF, 0xF0, 0xEE, 0x54, 0xFF,
    0x1F, 0x1F, 0x06, 0xFF, 0x3D, 0x45, 0x50, 0xFF, 0x98, 0x9C, 0x99, 0xFF,
    0x98, 0x9B, 0x97, 0xFF, 0x7F, 0x83, 0x8F, 0xFF, 0x4D, 0x4B, 0x2B, 0xFF,
    0xFB, 0xF7, 0x44, 0xFF, 0xF9, 0xF2, 0x41, 0xFF, 0xF8, 0xF0, 0x40, 0xFF,
    0xFD, 0xF7, 0x47, 0xFF, 0x95, 0x8B, 0x30, 0xFF, 0x49, 0x4B, 0x57, 0xFF,
    0x97, 0x9C, 0xA3, 0xFF, 0xC2, 0xC4, 0xC5, 0xFF, 0xBB, 0xBD, 0xC1, 0xFF,
    0x59, 0x5B, 0x69, 0xFF, 0x7E, 0x7A, 0x2B, 0xFF, 0xFF, 0xFE, 0x49, 0xFF,
    0xF5, 0xF2, 0x40, 0xFF, 0xF7, 0xF1, 0x41, 0xFF, 0xFC, 0xF6, 0x3F, 0xFF,
    0xE2, 0xE0, 0x49, 0xFF, 0x12, 0x12, 0x0A, 0xFF, 0x2F, 0x35, 0x2B, 0xFF,
    0x43, 0x4E, 0x3B, 0xFF, 0x21, 0x26, 0x1F, 0xFF, 0xFE, 0xA6, 0x58, 0xFF,
    0xFE, 0xA5, 0x55, 0xFF, 0xFF, 0xA8, 0x55, 0xFF, 0xFF, 0xAD, 0x5A, 0xFF,
    0xEE, 0xB0, 0x6F, 0xFF, 0xE9, 0xB2, 0x71, 0xFF, 0xE3, 0xBA, 0x76, 0xFF,
    0xDC, 0xBA, 0x7C, 0xFF, 0xD6, 0xB9, 0x83, 0xFF, 0xEF, 0xD9, 0x9E, 0xFF,
    0x74, 0x6C, 0x53, 0xFF, 0x47, 0x4B, 0x4D, 0xFF, 0xEC, 0xEE, 0xED, 0xFF,
    0xFF, 0xFF, 0xFF, 0xFF, 0xFF, 0xFF, 0xFF, 0xFF, 0xFC, 0xFB, 0xF8, 0xFF,
    0xFF, 0xFF, 0xFF, 0xFF, 0xFE, 0xFF, 0xFF, 0xFF, 0xD2, 0xDA, 0xDC, 0xFF,
    0xB8, 0xC1, 0xC1, 0xFF, 0xB9, 0xBE, 0xBC, 0xFF, 0xD4, 0xD6, 0xD4, 0xFF,
    0xFF, 0xFF, 0xFF, 0xFF, 0xFF, 0xFF, 0xFF, 0xFF, 0xFF, 0xFD, 0xFE, 0xFF,
    0xE4, 0xE7, 0xE5, 0xFF, 0x1C, 0x20, 0x1C, 0xFF, 0x0E, 0x11, 0x07, 0xFF,
    0x36, 0x35, 0x37, 0xFF, 0x6D, 0x71, 0x70, 0xFF, 0x32, 0x36, 0x33, 0xFF,
    0x1A, 0x25, 0x2E, 0xFF, 0x4D, 0x8C, 0xD6, 0xFF, 0x52, 0x94, 0xDA, 0xFF,
    0x56, 0xA0, 0xE5, 0xFF, 0x09, 0x25, 0x51, 0xFF, 0xB3, 0xAC, 0x37, 0xFF,
    0x8A, 0x85, 0x2D, 0xFF, 0x43, 0x45, 0x51, 0xFF, 0x96, 0x98, 0x95, 0xFF,
    0x90, 0x95, 0x91, 0xFF, 0xA4, 0xA4, 0x9E, 0xFF, 0x78, 0x7E, 0x83, 0xFF,
    0x4E, 0x4E, 0x27, 0xFF, 0xFE, 0xFD, 0x47, 0xFF, 0xF4, 0xF1, 0x40, 0xFF,
    0xFF, 0xFC, 0x46, 0xFF, 0xB1, 0xA7, 0x38, 0xFF, 0x00, 0x00, 0x03, 0xFF,
    0x4D, 0x53, 0x59, 0xFF, 0x48, 0x50, 0x52, 0xFF, 0x34, 0x3C, 0x43, 0xFF,
    0x4F, 0x55, 0x56, 0xFF, 0x66, 0x6D, 0x71, 0xFF, 0x21, 0x21, 0x1E, 0xFF,
    0xD9, 0xD3, 0x40, 0xFF, 0xFE, 0xFB, 0x44, 0xFF, 0xF7, 0xEF, 0x42, 0xFF,
    0xFD, 0xF3, 0x40, 0xFF, 0xE9, 0xE0, 0x43, 0xFF, 0x1A, 0x19, 0x0C, 0xFF,
    0x2E, 0x37, 0x2E, 0xFF, 0x43, 0x4F, 0x3A, 0xFF, 0x1C, 0x20, 0x1A, 0xFF,
    0xDF, 0x9F, 0x5E, 0xFF, 0xCE, 0x97, 0x5B, 0xFF, 0xC5, 0x8C, 0x52, 0xFF,
    0xA1, 0x6E, 0x44, 0xFF, 0x1F, 0x16, 0x10, 0xFF, 0x19, 0x14, 0x12, 0xFF,
    0x15, 0x14, 0x14, 0xFF, 0x22, 0x28, 0x35, 0xFF, 0x04, 0x05, 0x0D, 0xFF,
    0x35, 0x39, 0x35, 0xFF, 0x0C, 0x0C, 0x0A, 0xFF, 0xC6, 0xC9, 0xCA, 0xFF,
    0xFF, 0xFF, 0xFF, 0xFF, 0xF6, 0xF7, 0xF4, 0xFF, 0xFF, 0xFF, 0xFF, 0xFF,
    0xFF, 0xFF, 0xFF, 0xFF, 0x7B, 0x88, 0x88, 0xFF, 0x22, 0x20, 0x22, 0xFF,
    0x66, 0x47, 0x4D, 0xFF, 0x7F, 0x65, 0x6B, 0xFF, 0x81, 0x73, 0x78, 0xFF,
    0x89, 0x89, 0x8A, 0xFF, 0x9B, 0xA1, 0x9F, 0xFF, 0xB7, 0xC3, 0xBE, 0xFF,
    0xFC, 0xFF, 0xFF, 0xFF, 0xB2, 0xB6, 0xB3, 0xFF, 0x05, 0x06, 0x00, 0xFF,
    0x29, 0x2C, 0x15, 0xFF, 0x15, 0x17, 0x0A, 0xFF, 0x0D, 0x0F, 0x05, 0xFF,
    0x00, 0x00, 0x00, 0xFF, 0x08, 0x0F, 0x18, 0xFF, 0x48, 0x8A, 0xD2, 0xFF,
    0x57, 0x99, 0xDF, 0xFF, 0x54, 0x99, 0xE0, 0xFF, 0x0F, 0x1F, 0x3C, 0xFF,
    0xBF, 0xB3, 0x36, 0xFF, 0x51, 0x50, 0x30, 0xFF, 0xEC, 0xEF, 0xF3, 0xFF,
    0xEB, 0xFF, 0xFF, 0xFF, 0xA7, 0xE4, 0xFF, 0xFF, 0xBA, 0xF6, 0xFF, 0xFF,
    0x8D, 0xBC, 0xDC, 0xFF, 0x77, 0x78, 0x35, 0xFF, 0xFF, 0xFF, 0x49, 0xFF,
    0xF4, 0xF0, 0x3F, 0xFF, 0xFC, 0xF4, 0x45, 0xFF, 0x49, 0x47, 0x1E, 0xFF,
    0x98, 0xA5, 0xB0, 0xFF, 0xDC, 0xEE, 0xED, 0xFF, 0xDE, 0xEC, 0xEC, 0xFF,
    0xE3, 0xF0, 0xEF, 0xFF, 0xE2, 0xEC, 0xEA, 0xFF, 0xD7, 0xD8, 0xDA, 0xFF,
    0x43, 0x44, 0x4E, 0xFF, 0xAB, 0xA8, 0x2D, 0xFF, 0xFF, 0xFF, 0x49, 0xFF,
    0xF5, 0xEE, 0x40, 0xFF, 0xFF, 0xF6, 0x41, 0xFF, 0xDC, 0xD0, 0x40, 0xFF,
    0x12, 0x11, 0x0B, 0xFF, 0x35, 0x41, 0x31, 0xFF, 0x3F, 0x49, 0x34, 0xFF,
    0x10, 0x12, 0x0E, 0xFF, 0x08, 0x02, 0x00, 0xFF, 0x01, 0x00, 0x02, 0xFF,
    0x00, 0x03, 0x0B, 0xFF, 0x07, 0x10, 0x1B, 0xFF, 0x1D, 0x30, 0x41, 0xFF,
    0x50, 0x7C, 0x9C, 0xFF, 0x5B, 0x91, 0xBE, 0xFF, 0x41, 0x64, 0x8E, 0xFF,
    0x3B, 0x33, 0x14, 0xFF, 0x57, 0x4C, 0x1C, 0xFF, 0x04, 0x03, 0x07, 0xFF,
    0xD8, 0xDB, 0xDB, 0xFF, 0xFF, 0xFF, 0xFF, 0xFF, 0xFB, 0xFC, 0xFA, 0xFF,
    0xAB, 0xB6, 0xB4, 0xFF, 0x49, 0x47, 0x46, 0xFF, 0x4F, 0x0E, 0x1B, 0xFF,
    0xBE, 0x34, 0x51, 0xFF, 0xE7, 0x3F, 0x62, 0xFF, 0xDE, 0x3C, 0x60, 0xFF,
    0xCF, 0x34, 0x56, 0xFF, 0xBB, 0x2D, 0x4D, 0xFF, 0x97, 0x27, 0x40, 0xFF,
    0x77, 0x26, 0x36, 0xFF, 0x96, 0x6C, 0x70, 0xFF, 0x49, 0x4A, 0x48, 0xFF,
    0x15, 0x17, 0x0A, 0xFF, 0x2D, 0x30, 0x15, 0xFF, 0x1C, 0x1C, 0x11, 0xFF,
    0x19, 0x1A, 0x12, 0xFF, 0x09, 0x08, 0x08, 0xFF, 0x00, 0x01, 0x05, 0xFF,
    0x2F, 0x55, 0x84, 0xFF, 0x4C, 0x92, 0xDF, 0xFF, 0x40, 0x8C, 0xD5, 0xFF,
    0x18, 0x26, 0x36, 0xFF, 0xC1, 0xB4, 0x36, 0xFF, 0x55, 0x53, 0x3F, 0xFF,
    0xE9, 0xF2, 0xF2, 0xFF, 0x8B, 0xCD, 0xE9, 0xFF, 0x59, 0x96, 0xB8, 0xFF,
    0x5B, 0x87, 0xA5, 0xFF, 0x2B, 0x51, 0x75, 0xFF, 0xAA, 0xA6, 0x33, 0xFF,
    0xFF, 0xFE, 0x46, 0xFF, 0xFB, 0xF4, 0x43, 0xFF, 0xE2, 0xD7, 0x3D, 0xFF,
    0x43, 0x47, 0x3D, 0xFF, 0xC7, 0xE9, 0xFB, 0xFF, 0x83, 0xC9, 0xEE, 0xFF,
    0x97, 0xD3, 0xF3, 0xFF, 0xCE, 0xE7, 0xEF, 0xFF, 0xE5, 0xEC, 0xEB, 0xFF,
    0xFE, 0xFF, 0xFF, 0xFF, 0x6E, 0x73, 0x7E, 0xFF, 0xA3, 0xA1, 0x26, 0xFF,
    0xFF, 0xFF, 0x4A, 0xFF, 0xF4, 0xED, 0x41, 0xFF, 0xFF, 0xF8, 0x42, 0xFF,
    0xD3, 0xC7, 0x3F, 0xFF, 0x11, 0x11, 0x0F, 0xFF, 0x3A, 0x46, 0x33, 0xFF,
    0x3F, 0x49, 0x34, 0xFF, 0x10, 0x12, 0x0F, 0xFF, 0x3D, 0x58, 0x6A, 0xFF,
    0x5D, 0x84, 0xA1, 0xFF, 0x6F, 0xA5, 0xC7, 0xFF, 0x6C, 0xAB, 0xD6, 0xFF,
    0x5F, 0xA3, 0xD1, 0xFF, 0x51, 0x95, 0xBC, 0xFF, 0x47, 0x74, 0xA2, 0xFF,
    0x16, 0x1D, 0x27, 0xFF, 0x9D, 0x93, 0x2A, 0xFF, 0xAD, 0x9D, 0x31, 0xFF,
    0x1A, 0x17, 0x10, 0xFF, 0x8B, 0x91, 0x91, 0xFF, 0x9C, 0xA3, 0xA2, 0xFF,
    0x2E, 0x34, 0x31, 0xFF, 0x4B, 0x13, 0x1C, 0xFF, 0xBD, 0x2E, 0x4B, 0xFF,
    0xFF, 0x4B, 0x6F, 0xFF, 0xFF, 0x4C, 0x6F, 0xFF, 0xF9, 0x4A, 0x6E, 0xFF,
    0xFC, 0x4D, 0x6F, 0xFF, 0xFF, 0x51, 0x70, 0xFF, 0xFF, 0x51, 0x71, 0xFF,
    0xFE, 0x50, 0x73, 0xFF, 0xFF, 0x54, 0x79, 0xFF, 0xAC, 0x34, 0x49, 0xFF,
    0x00, 0x00, 0x00, 0xFF, 0x17, 0x22, 0x0E, 0xFF, 0x21, 0x2B, 0x11, 0xFF,
    0x27, 0x2E, 0x18, 0xFF, 0x2E, 0x34, 0x1C, 0xFF, 0x0A, 0x0C, 0x0A, 0xFF,
    0x00, 0x00, 0x00, 0xFF, 0x0D, 0x1D, 0x33, 0xFF, 0x50, 0x8D, 0xDF, 0xFF,
    0x44, 0x86, 0xCF, 0xFF, 0x1F, 0x27, 0x33, 0xFF, 0xD9, 0xCC, 0x44, 0xFF,
    0x51, 0x4D, 0x2F, 0xFF, 0xE4, 0xF3, 0xF0, 0xFF, 0x6E, 0xA5, 0xC8, 0xFF,
    0x00, 0x00, 0x04, 0xFF, 0x00, 0x00, 0x00, 0xFF, 0x41, 0x41, 0x17, 0xFF,
    0xF7, 0xF5, 0x4B, 0xFF, 0xF8, 0xF2, 0x40, 0xFF, 0xFF, 0xF8, 0x44, 0xFF,
    0xD8, 0xCC, 0x39, 0xFF, 0x40, 0x5A, 0x60, 0xFF, 0x60, 0xBE, 0xF7, 0xFF,
    0x3C, 0x7F, 0xAD, 0xFF, 0x31, 0x5B, 0x71, 0xFF, 0x81, 0xAD, 0xC0, 0xFF,
    0xE6, 0xF5, 0xF3, 0xFF, 0xF3, 0xFF, 0xFF, 0xFF, 0x59, 0x61, 0x67, 0xFF,
    0xBF, 0xB7, 0x32, 0xFF, 0xFF, 0xFE, 0x44, 0xFF, 0xF5, 0xEC, 0x40, 0xFF,
    0xFF, 0xFA, 0x42, 0xFF, 0xC7, 0xBD, 0x3D, 0xFF, 0x0C, 0x0C, 0x0C, 0xFF,
    0x3D, 0x47, 0x34, 0xFF, 0x3C, 0x47, 0x33, 0xFF, 0x0E, 0x10, 0x0D, 0xFF,
    0x65, 0xAB, 0xDF, 0xFF, 0x5D, 0x98, 0xC5, 0xFF, 0x42, 0x66, 0x7F, 0xFF,
    0x32, 0x40, 0x42, 0xFF, 0x3C, 0x45, 0x31, 0xFF, 0x4F, 0x4B, 0x28, 0xFF,
    0x66, 0x5D, 0x23, 0xFF, 0x3F, 0x3B, 0x19, 0xFF, 0x91, 0x8B, 0x2E, 0xFF,
    0xB9, 0xB0, 0x30, 0xFF, 0x61, 0x59, 0x21, 0xFF, 0x00, 0x00, 0x00, 0xFF,
    0x25, 0x04, 0x07, 0xFF, 0xAD, 0x2A, 0x40, 0xFF, 0xFF, 0x49, 0x6B, 0xFF,
    0xFF, 0x4D, 0x6C, 0xFF, 0xF4, 0x46, 0x64, 0xFF, 0xF5, 0x48, 0x67, 0xFF,
    0xF5, 0x49, 0x68, 0xFF, 0xF4, 0x48, 0x66, 0xFF, 0xF2, 0x47, 0x64, 0xFF,
    0xF1, 0x48, 0x64, 0xFF, 0xF0, 0x45, 0x65, 0xFF, 0xF9, 0x48, 0x6D, 0xFF,
    0xCB, 0x3F, 0x59, 0xFF, 0x55, 0x17, 0x25, 0xFF, 0x3F, 0x11, 0x1D, 0xFF,
    0x28, 0x0D, 0x13, 0xFF, 0x0D, 0x0B, 0x06, 0xFF, 0x08, 0x0D, 0x09, 0xFF,
    0x01, 0x00, 0x00, 0xFF, 0x25, 0x36, 0x53, 0xFF, 0x55, 0x8B, 0xCF, 0xFF,
    0x50, 0x92, 0xDE, 0xFF, 0x3C, 0x77, 0xC4, 0xFF, 0x25, 0x27, 0x2A, 0xFF,
    0xFA, 0xF4, 0x50, 0xFF, 0x6C, 0x66, 0x1D, 0xFF, 0x83, 0x88, 0x94, 0xFF,
    0xE2, 0xF2, 0xF0, 0xFF, 0x40, 0x47, 0x4B, 0xFF, 0x00, 0x02, 0x06, 0xFF,
    0xCD, 0xCB, 0x45, 0xFF, 0xFF, 0xFF, 0x46, 0xFF, 0xF4, 0xEE, 0x42, 0xFF,
    0xFC, 0xF6, 0x42, 0xFF, 0xE5, 0xD9, 0x3C, 0xFF, 0x30, 0x45, 0x46, 0xFF,
    0x54, 0x9E, 0xD0, 0xFF, 0x00, 0x00, 0x00, 0xFF, 0x00, 0x00, 0x00, 0xFF,
    0x0E, 0x17, 0x1F, 0xFF, 0xE0, 0xF9, 0xFA, 0xFF, 0xC8, 0xD9, 0xDE, 0xFF,
    0x3F, 0x43, 0x28, 0xFF, 0xF2, 0xEE, 0x44, 0xFF, 0xF9, 0xF3, 0x40, 0xFF,
    0xF6, 0xEE, 0x40, 0xFF, 0xFF, 0xFE, 0x43, 0xFF, 0xB7, 0xB1, 0x3E, 0xFF,
    0x0C, 0x0D, 0x0F, 0xFF, 0x42, 0x4B, 0x34, 0xFF, 0x39, 0x44, 0x30, 0xFF,
    0x0C, 0x0D, 0x0C, 0xFF, 0x2D, 0x38, 0x36, 0xFF, 0x44, 0x40, 0x20, 0xFF,
    0x6E, 0x62, 0x1B, 0xFF, 0x8B, 0x81, 0x24, 0xFF, 0x91, 0x86, 0x28, 0xFF,
    0x86, 0x7E, 0x26, 0xFF, 0x72, 0x6C, 0x25, 0xFF, 0x31, 0x2A, 0x15, 0xFF,
    0x53, 0x4D, 0x20, 0xFF, 0xB8, 0xB1, 0x32, 0xFF, 0x88, 0x80, 0x2A, 0xFF,
    0x05, 0x04, 0x03, 0xFF, 0x8E, 0x2E, 0x3D, 0xFF, 0xF0, 0x47, 0x61, 0xFF,
    0xE6, 0x42, 0x5B, 0xFF, 0xF2, 0x4A, 0x65, 0xFF, 0xFC, 0x4A, 0x69, 0xFF,
    0xF6, 0x4C, 0x69, 0xFF, 0xFD, 0x4F, 0x6D, 0xFF, 0xFF, 0x51, 0x72, 0xFF,
    0xFF, 0x4F, 0x6E, 0xFF, 0xF7, 0x4A, 0x66, 0xFF, 0xF3, 0x44, 0x65, 0xFF,
    0xF1, 0x43, 0x68, 0xFF, 0xF9, 0x45, 0x6C, 0xFF, 0xFF, 0x45, 0x71, 0xFF,
    0xF7, 0x42, 0x6F, 0xFF, 0xEC, 0x3C, 0x6D, 0xFF, 0xE0, 0x39, 0x6A, 0xFF,
    0x59, 0x15, 0x23, 0xFF, 0x0F, 0x23, 0x3C, 0xFF, 0x5C, 0x8C, 0xD6, 0xFF,
    0x66, 0x9C, 0xE2, 0xFF, 0x66, 0xA0, 0xDE, 0xFF, 0x3C, 0x6D, 0xBF, 0xFF,
    0x25, 0x24, 0x19, 0xFF, 0xF4, 0xF0, 0x4A, 0xFF, 0xE8, 0xE3, 0x45, 0xFF,
    0x4A, 0x4A, 0x20, 0xFF, 0x6A, 0x6D, 0x67, 0xFF, 0x47, 0x4E, 0x57, 0xFF,
    0x73, 0x71, 0x2C, 0xFF, 0xFD, 0xFA, 0x48, 0xFF, 0xF5, 0xF0, 0x3F, 0xFF,
    0xF8, 0xF0, 0x42, 0xFF, 0xF6, 0xEE, 0x40, 0xFF, 0xFD, 0xFA, 0x47, 0xFF,
    0x63, 0x62, 0x22, 0xFF, 0x32, 0x51, 0x77, 0xFF, 0x52, 0x69, 0x79, 0xFF,
    0x45, 0x57, 0x5B, 0xFF, 0x8A, 0xA2, 0xAB, 0xFF, 0xD1, 0xE2, 0xE7, 0xFF,
    0x2D, 0x33, 0x37, 0xFF, 0xAA, 0xA6, 0x33, 0xFF, 0xFF, 0xFE, 0x48, 0xFF,
    0xF5, 0xED, 0x3F, 0xFF, 0xF6, 0xEC, 0x40, 0xFF, 0xFF, 0xFE, 0x46, 0xFF,
    0xAE, 0xAA, 0x3C, 0xFF, 0x10, 0x12, 0x14, 0xFF, 0x45, 0x4F, 0x37, 0xFF,
    0x37, 0x41, 0x2C, 0xFF, 0x0A, 0x0A, 0x0C, 0xFF, 0x89, 0x7E, 0x25, 0xFF,
    0x8A, 0x80, 0x27, 0xFF, 0x72, 0x6A, 0x23, 0xFF, 0x56, 0x55, 0x25, 0xFF,
    0x3D, 0x42, 0x2C, 0xFF, 0x35, 0x45, 0x40, 0xFF, 0x39, 0x5D, 0x66, 0xFF,
    0x31, 0x43, 0x54, 0xFF, 0x32, 0x23, 0x14, 0xFF, 0xA1, 0x99, 0x31, 0xFF,
    0xB3, 0xAA, 0x32, 0xFF, 0x3F, 0x39, 0x17, 0xFF, 0x09, 0x04, 0x04, 0xFF,
    0x14, 0x05, 0x05, 0xFF, 0x29, 0x0A, 0x0E, 0xFF, 0x34, 0x06, 0x08, 0xFF,
    0x5B, 0x19, 0x20, 0xFF, 0x9B, 0x2D, 0x3E, 0xFF, 0xB1, 0x31, 0x45, 0xFF,
    0xB5, 0x31, 0x49, 0xFF, 0xB8, 0x33, 0x4B, 0xFF, 0xE7, 0x41, 0x5F, 0xFF,
    0xFF, 0x4B, 0x6D, 0xFF, 0xFF, 0x4E, 0x6C, 0xFF, 0xFE, 0x4A, 0x6C, 0xFF,
    0xFF, 0x4A, 0x72, 0xFF, 0xFD, 0x43, 0x6B, 0xFF, 0xF4, 0x39, 0x64, 0xFF,
    0xD6, 0x3A, 0x63, 0xFF, 0x4D, 0x0C, 0x16, 0xFF, 0x2C, 0x53, 0x81, 0xFF,
    0x73, 0xAB, 0xEE, 0xFF, 0x61, 0x99, 0xD2, 0xFF, 0x6C, 0xA7, 0xE1, 0xFF,
    0x34, 0x66, 0xAF, 0xFF, 0x36, 0x36, 0x16, 0xFF, 0xF9, 0xF7, 0x4A, 0xFF,
    0xFF, 0xFF, 0x49, 0xFF, 0xED, 0xEE, 0x57, 0xFF, 0x15, 0x18, 0x0A, 0xFF,
    0x78, 0x77, 0x1F, 0xFF, 0xFF, 0xFB, 0x4C, 0xFF, 0xF7, 0xF3, 0x40, 0xFF,
    0xF9, 0xF2, 0x41, 0xFF, 0xFA, 0xF0, 0x40, 0xFF, 0xF8, 0xED, 0x40, 0xFF,
    0xFB, 0xF1, 0x41, 0xFF, 0xED, 0xE9, 0x45, 0xFF, 0x54, 0x53, 0x23, 0xFF,
    0x43, 0x59, 0x6B, 0xFF, 0x68, 0x82, 0x94, 0xFF, 0x54, 0x67, 0x78, 0xFF,
    0x2F, 0x34, 0x29, 0xFF, 0x9F, 0x9D, 0x2F, 0xFF, 0xFF, 0xFF, 0x4A, 0xFF,
    0xF6, 0xEE, 0x3F, 0xFF, 0xF9, 0xEE, 0x40, 0xFF, 0xF6, 0xEB, 0x3E, 0xFF,
    0xFF, 0xFE, 0x46, 0xFF, 0x8B, 0x8A, 0x2A, 0xFF, 0x12, 0x15, 0x19, 0xFF,
    0x4C, 0x55, 0x40, 0xFF, 0x36, 0x3F, 0x29, 0xFF, 0x06, 0x08, 0x0B, 0xFF,
    0x2D, 0x32, 0x26, 0xFF, 0x2C, 0x44, 0x48, 0xFF, 0x2E, 0x5B, 0x73, 0xFF,
    0x2E, 0x69, 0x8A, 0xFF, 0x2D, 0x6B, 0x90, 0xFF, 0x30, 0x57, 0x79, 0xFF,
    0x2C, 0x48, 0x62, 0xFF, 0x3B, 0x73, 0x8B, 0xFF, 0x2C, 0x21, 0x23, 0xFF,
    0x4F, 0x45, 0x17, 0xFF, 0xA1, 0x97, 0x2C, 0xFF, 0xAE, 0xA1, 0x33, 0xFF,
    0x2B, 0x26, 0x0D, 0xFF, 0x00, 0x00, 0x05, 0xFF, 0x29, 0x59, 0x8F, 0xFF,
    0x1A, 0x44, 0x6E, 0xFF, 0x0B, 0x04, 0x0D, 0xFF, 0x43, 0x0E, 0x13, 0xFF,
    0x5E, 0x1B, 0x24, 0xFF, 0xAC, 0x32, 0x49, 0xFF, 0x98, 0x23, 0x37, 0xFF,
    0x8F, 0x29, 0x3C, 0xFF, 0xC4, 0x3F, 0x55, 0xFF, 0x77, 0x1A, 0x26, 0xFF,
    0x4B, 0x19, 0x20, 0xFF, 0x56, 0x16, 0x1F, 0xFF, 0x85, 0x21, 0x30, 0xFF,
    0x76, 0x1F, 0x2D, 0xFF, 0x07, 0x02, 0x00, 0xFF, 0x0F, 0x25, 0x2F, 0xFF,
    0x53, 0x88, 0xCF, 0xFF, 0x63, 0x9E, 0xD8, 0xFF, 0x55, 0x8E, 0xCC, 0xFF,
    0x59, 0x95, 0xDF, 0xFF, 0x15, 0x37, 0x66, 0xFF, 0x88, 0x80, 0x25, 0xFF,
    0xFF, 0xFF, 0x51, 0xFF, 0xE5, 0xE4, 0x4A, 0xFF, 0x36, 0x37, 0x18, 0xFF,
    0x90, 0x8F, 0x34, 0xFF, 0xFF, 0xFF, 0x4D, 0xFF, 0xF5, 0xF0, 0x3F, 0xFF,
    0xF8, 0xF2, 0x41, 0xFF, 0xFB, 0xF1, 0x42, 0xFF, 0xFA, 0xF2, 0x42, 0xFF,
    0xFA, 0xF1, 0x42, 0xFF, 0xF9, 0xEF, 0x41, 0xFF, 0xFD, 0xF4, 0x42, 0xFF,
    0xFB, 0xF4, 0x46, 0xFF, 0xB3, 0xAF, 0x2D, 0xFF, 0x93, 0x8F, 0x2A, 0xFF,
    0x96, 0x90, 0x29, 0xFF, 0xDC, 0xD8, 0x40, 0xFF, 0xFF, 0xFF, 0x48, 0xFF,
    0xF6, 0xED, 0x40, 0xFF, 0xF9, 0xF0, 0x40, 0xFF, 0xF8, 0xF0, 0x40, 0xFF,
    0xF5, 0xEA, 0x40, 0xFF, 0xFD, 0xFD, 0x47, 0xFF, 0x75, 0x73, 0x26, 0xFF,
    0x0D, 0x12, 0x14, 0xFF, 0x47, 0x4E, 0x36, 0xFF, 0x36, 0x3B, 0x2A, 0xFF,
    0x04, 0x06, 0x0D, 0xFF, 0x15, 0x26, 0x34, 0xFF, 0x30, 0x74, 0xA7, 0xFF,
    0x1D, 0x45, 0x69, 0xFF, 0x11, 0x1C, 0x2C, 0xFF, 0x1E, 0x45, 0x6A, 0xFF,
    0x1F, 0x3D, 0x66, 0xFF, 0x09, 0x00, 0x0B, 0xFF, 0x2A, 0x60, 0x7B, 0xFF,
    0x2F, 0x55, 0x72, 0xFF, 0x1A, 0x0E, 0x09, 0xFF, 0x8A, 0x80, 0x28, 0xFF,
    0xB6, 0xA7, 0x2D, 0xFF, 0x5B, 0x51, 0x1D, 0xFF, 0x01, 0x00, 0x04, 0xFF,
    0x38, 0x7D, 0xBD, 0xFF, 0x50, 0xA4, 0xE6, 0xFF, 0x3D, 0x7B, 0xBC, 0xFF,
    0x1B, 0x49, 0x75, 0xFF, 0x00, 0x03, 0x07, 0xFF, 0x3D, 0x13, 0x20, 0xFF,
    0x39, 0x0F, 0x19, 0xFF, 0x00, 0x00, 0x00, 0xFF, 0x00, 0x00, 0x00, 0xFF,
    0x6F, 0x79, 0x76, 0xFF, 0xC4, 0xCE, 0xCB, 0xFF, 0xA5, 0xB1, 0xAD, 0xFF,
    0x29, 0x25, 0x2A, 0xFF, 0x00, 0x00, 0x00, 0xFF, 0x1C, 0x07, 0x09, 0xFF,
    0x18, 0x19, 0x22, 0xFF, 0x31, 0x57, 0x85, 0xFF, 0x4D, 0x92, 0xD5, 0xFF,
    0x4F, 0x91, 0xD8, 0xFF, 0x2A, 0x5D, 0xA5, 0xFF, 0x48, 0x4A, 0x23, 0xFF,
    0xF9, 0xF5, 0x4A, 0xFF, 0xE0, 0xDE, 0x47, 0xFF, 0x3E, 0x3D, 0x1B, 0xFF,
    0xA0, 0x9C, 0x37, 0xFF, 0xFF, 0xFF, 0x4F, 0xFF, 0xFF, 0xF7, 0x41, 0xFF,
    0xFF, 0xF6, 0x42, 0xFF, 0xFC, 0xF2, 0x42, 0xFF, 0xF9, 0xF0, 0x40, 0xFF,
    0xF7, 0xF0, 0x40, 0xFF, 0xF6, 0xEE, 0x3E, 0xFF, 0xF6, 0xEE, 0x3F, 0xFF,
    0xF4, 0xEC, 0x40, 0xFF, 0xF5, 0xED, 0x41, 0xFF, 0xFF, 0xFC, 0x47, 0xFF,
    0xFF, 0xFF, 0x49, 0xFF, 0xFF, 0xFF, 0x4B, 0xFF, 0xFF, 0xF8, 0x45, 0xFF,
    0xF6, 0xEE, 0x40, 0xFF, 0xFA, 0xEF, 0x40, 0xFF, 0xF8, 0xF1, 0x42, 0xFF,
    0xF7, 0xED, 0x41, 0xFF, 0xF7, 0xEF, 0x3E, 0xFF, 0xFF, 0xFF, 0x4E, 0xFF,
    0x69, 0x69, 0x29, 0xFF, 0x17, 0x1B, 0x1D, 0xFF, 0x49, 0x51, 0x38, 0xFF,
    0x37, 0x3B, 0x27, 0xFF, 0x06, 0x05, 0x0E, 0xFF, 0x06, 0x05, 0x04, 0xFF,
    0x24, 0x56, 0x7B, 0xFF, 0x14, 0x29, 0x49, 0xFF, 0x05, 0x05, 0x0C, 0xFF,
    0x1E, 0x51, 0x77, 0xFF, 0x27, 0x6A, 0x9D, 0xFF, 0x19, 0x38, 0x53, 0xFF,
    0x27, 0x52, 0x71, 0xFF, 0x2E, 0x54, 0x6F, 0xFF, 0x15, 0x13, 0x0F, 0xFF,
    0x88, 0x7E, 0x2D, 0xFF, 0xBB, 0xAB, 0x30, 0xFF, 0x6B, 0x64, 0x22, 0xFF,
    0x01, 0x00, 0x02, 0xFF, 0x3A, 0x70, 0xA1, 0xFF, 0x53, 0xA2, 0xD8, 0xFF,
    0x3E, 0x91, 0xC9, 0xFF, 0x27, 0x4B, 0x76, 0xFF, 0x0C, 0x09, 0x0E, 0xFF,
    0x46, 0x49, 0x49, 0xFF, 0x2A, 0x2C, 0x2C, 0xFF, 0x14, 0x12, 0x13, 0xFF,
    0x9F, 0xA1, 0xA2, 0xFF, 0xFF, 0xFF, 0xFF, 0xFF, 0xFF, 0xFF, 0xFE, 0xFF,
    0xFF, 0xFF, 0xFF, 0xFF, 0x57, 0x52, 0x57, 0xFF, 0x8A, 0x15, 0x33, 0xFF,
    0xE5, 0x35, 0x66, 0xFF, 0x91, 0x1B, 0x33, 0xFF, 0x02, 0x00, 0x03, 0xFF,
    0x47, 0x81, 0xC2, 0xFF, 0x43, 0x83, 0xC8, 0xFF, 0x22, 0x2D, 0x30, 0xFF,
    0xD3, 0xD0, 0x3E, 0xFF, 0xFF, 0xFF, 0x4B, 0xFF, 0x9A, 0x91, 0x33, 0xFF,
    0x22, 0x28, 0x15, 0xFF, 0xAA, 0xB6, 0x42, 0xFF, 0xAE, 0xBA, 0x3B, 0xFF,
    0xC4, 0xCF, 0x45, 0xFF, 0xDE, 0xE3, 0x47, 0xFF, 0xF3, 0xF1, 0x48, 0xFF,
    0xFF, 0xF9, 0x4A, 0xFF, 0xFF, 0xFF, 0x4C, 0xFF, 0xFF, 0xFF, 0x4A, 0xFF,
    0xFF, 0xFF, 0x48, 0xFF, 0xFF, 0xFF, 0x44, 0xFF, 0xFF, 0xFF, 0x45, 0xFF,
    0xFF, 0xFA, 0x44, 0xFF, 0xFA, 0xF6, 0x41, 0xFF, 0xF9, 0xF4, 0x40, 0xFF,
    0xF8, 0xF2, 0x40, 0xFF, 0xF9, 0xF1, 0x43, 0xFF, 0xF7, 0xEF, 0x40, 0xFF,
    0xF8, 0xEF, 0x40, 0xFF, 0xFF, 0xFF, 0x4A, 0xFF, 0xF4, 0xF0, 0x46, 0xFF,
    0xD2, 0xCE, 0x44, 0xFF, 0x2F, 0x2C, 0x0D, 0xFF, 0x00, 0x00, 0x00, 0xFF,
    0x25, 0x28, 0x1C, 0xFF, 0x34, 0x35, 0x26, 0xFF, 0x06, 0x07, 0x11, 0xFF,
    0x23, 0x22, 0x25, 0xFF, 0x0C, 0x22, 0x33, 0xFF, 0x33, 0x81, 0xB9, 0xFF,
    0x25, 0x6E, 0x9C, 0xFF, 0x21, 0x60, 0x8A, 0xFF, 0x1F, 0x48, 0x62, 0xFF,
    0x28, 0x44, 0x4E, 0xFF, 0x35, 0x46, 0x43, 0xFF, 0x31, 0x36, 0x24, 0xFF,
    0x29, 0x21, 0x15, 0xFF, 0x43, 0x3E, 0x1B, 0xFF, 0x97, 0x8B, 0x2C, 0xFF,
    0xA1, 0x99, 0x2C, 0xFF, 0x7E, 0x73, 0x23, 0xFF, 0x19, 0x1B, 0x15, 0xFF,
    0x22, 0x29, 0x31, 0xFF, 0x2C, 0x0C, 0x17, 0xFF, 0x00, 0x00, 0x00, 0xFF,
    0x7B, 0x7E, 0x81, 0xFF, 0xFF, 0xFF, 0xFF, 0xFF, 0xF8, 0xF6, 0xF2, 0xFF,
    0xE8, 0xE6, 0xE6, 0xFF, 0xFF, 0xFF, 0xFF, 0xFF, 0xF9, 0xF9, 0xF7, 0xFF,
    0xFF, 0xFF, 0xFF, 0xFF, 0xC3, 0xD1, 0xCD, 0xFF, 0x3F, 0x19, 0x24, 0xFF,
    0xEF, 0x36, 0x6A, 0xFF, 0xFF, 0x39, 0x76, 0xFF, 0xD0, 0x30, 0x5B, 0xFF,
    0x1D, 0x13, 0x18, 0xFF, 0x49, 0x8B, 0xCC, 0xFF, 0x26, 0x54, 0x8D, 0xFF,
    0x44, 0x40, 0x13, 0xFF, 0xFF, 0xFF, 0x4E, 0xFF, 0xFE, 0xFE, 0x43, 0xFF,
    0xA1, 0x9D, 0x37, 0xFF, 0x28, 0x03, 0x0C, 0xFF, 0x61, 0x06, 0x16, 0xFF,
    0x5F, 0x08, 0x15, 0xFF, 0x55, 0x12, 0x19, 0xFF, 0x53, 0x25, 0x1A, 0xFF,
    0x4F, 0x34, 0x1B, 0xFF, 0x43, 0x40, 0x20, 0xFF, 0x57, 0x58, 0x29, 0xFF,
    0x76, 0x77, 0x2B, 0xFF, 0x97, 0x96, 0x35, 0xFF, 0xAA, 0xA7, 0x40, 0xFF,
    0xBA, 0xB8, 0x41, 0xFF, 0xCC, 0xCB, 0x42, 0xFF, 0xDE, 0xDC, 0x45, 0xFF,
    0xED, 0xE9, 0x48, 0xFF, 0xF9, 0xF4, 0x48, 0xFF, 0xF6, 0xF2, 0x42, 0xFF,
    0xFB, 0xF3, 0x3F, 0xFF, 0xFF, 0xFE, 0x47, 0xFF, 0x9C, 0x9B, 0x34, 0xFF,
    0x28, 0x2B, 0x10, 0xFF, 0x3A, 0x3B, 0x3B, 0xFF, 0x62, 0x65, 0x64, 0xFF,
    0x57, 0x5B, 0x5B, 0xFF, 0x2C, 0x30, 0x31, 0xFF, 0x07, 0x06, 0x07, 0xFF,
    0x00, 0x00, 0x06, 0xFF, 0x89, 0x66, 0x56, 0xFF, 0x03, 0x04, 0x0C, 0xFF,
    0x18, 0x31, 0x42, 0xFF, 0x25, 0x3A, 0x40, 0xFF, 0x2C, 0x36, 0x32, 0xFF,
    0x40, 0x4C, 0x45, 0xFF, 0x3C, 0x48, 0x45, 0xFF, 0x35, 0x48, 0x49, 0xFF,
    0x34, 0x42, 0x37, 0xFF, 0x38, 0x2B, 0x18, 0xFF, 0x21, 0x19, 0x14, 0xFF,
    0x6C, 0x66, 0x24, 0xFF, 0xB8, 0xAE, 0x2F, 0xFF, 0x97, 0x90, 0x2C, 0xFF,
    0x00, 0x04, 0x00, 0xFF, 0x72, 0x10, 0x20, 0xFF, 0xA7, 0x11, 0x28, 0xFF,
    0x39, 0x39, 0x3D, 0xFF, 0xF4, 0xF8, 0xF9, 0xFF, 0xFA, 0xFB, 0xFA, 0xFF,
    0xFE, 0xFE, 0xFC, 0xFF, 0xFF, 0xFF, 0xFF, 0xFF, 0xFC, 0xFC, 0xF8, 0xFF,
    0xFD, 0xFD, 0xF9, 0xFF, 0xE4, 0xE8, 0xE8, 0xFF, 0x3B, 0x31, 0x36, 0xFF,
    0xB1, 0x1E, 0x3B, 0xFF, 0xF8, 0x39, 0x65, 0xFF, 0xA6, 0x2C, 0x49, 0xFF,
    0x32, 0x07, 0x0F, 0xFF, 0x24, 0x2A, 0x32, 0xFF, 0x54, 0x96, 0xD7, 0xFF,
    0x21, 0x50, 0x8D, 0xFF, 0x35, 0x2F, 0x15, 0xFF, 0xF3, 0xF1, 0x4C, 0xFF,
    0xFF, 0xFF, 0x43, 0xFF, 0x9C, 0x99, 0x35, 0xFF, 0x1F, 0x05, 0x0A, 0xFF,
    0x5F, 0x17, 0x19, 0xFF, 0x61, 0x14, 0x19, 0xFF, 0x5A, 0x10, 0x16, 0xFF,
    0x62, 0x16, 0x1D, 0xFF, 0x3B, 0x0A, 0x13, 0xFF, 0x00, 0x00, 0x00, 0xFF,
    0x00, 0x00, 0x00, 0xFF, 0x00, 0x00, 0x00, 0xFF, 0x00, 0x00, 0x00, 0xFF,
    0x00, 0x00, 0x00, 0xFF, 0x00, 0x00, 0x00, 0xFF, 0x00, 0x00, 0x01, 0xFF,
    0x10, 0x0F, 0x09, 0xFF, 0x19, 0x19, 0x0C, 0xFF, 0x81, 0x7E, 0x34, 0xFF,
    0xFF, 0xFF, 0x4E, 0xFF, 0xF6, 0xF3, 0x4F, 0xFF, 0xA4, 0xA0, 0x36, 0xFF,
    0x19, 0x1C, 0x25, 0xFF, 0xAD, 0xB3, 0xB6, 0xFF, 0xF4, 0xF6, 0xF2, 0xFF,
    0xFF, 0xFF, 0xFD, 0xFF, 0xFF, 0xFF, 0xFC, 0xFF, 0xF3, 0xF5, 0xEF, 0xFF,
    0xCE, 0xD1, 0xCA, 0xFF, 0x65, 0x64, 0x62, 0xFF, 0xDF, 0x98, 0x6D, 0xFF,
    0x21, 0x1B, 0x1B, 0xFF, 0x1E, 0x22, 0x19, 0xFF, 0x58, 0x61, 0x56, 0xFF,
    0x1E, 0x28, 0x33, 0xFF, 0x14, 0x20, 0x37, 0xFF, 0x10, 0x18, 0x2E, 0xFF,
    0x17, 0x1F, 0x39, 0xFF, 0x43, 0x56, 0x4F, 0xFF, 0x3C, 0x3C, 0x2D, 0xFF,
    0x26, 0x20, 0x1E, 0xFF, 0x26, 0x24, 0x10, 0xFF, 0x9D, 0x95, 0x2F, 0xFF,
    0xA4, 0x9E, 0x2B, 0xFF, 0x29, 0x2E, 0x10, 0xFF, 0x7F, 0x10, 0x26, 0xFF,
    0x96, 0x08, 0x1C, 0xFF, 0x87, 0x92, 0x91, 0xFF, 0xFF, 0xFF, 0xFF, 0xFF,
    0xF8, 0xF9, 0xF9, 0xFF, 0xFE, 0xFE, 0xFB, 0xFF, 0xFD, 0xFD, 0xFB, 0xFF,
    0xFB, 0xFC, 0xF8, 0xFF, 0xFF, 0xFF, 0xFF, 0xFF, 0xA4, 0xAF, 0xAB, 0xFF,
    0x43, 0x04, 0x10, 0xFF, 0xFF, 0x3E, 0x68, 0xFF, 0xA7, 0x27, 0x42, 0xFF,
    0x59, 0x0A, 0x0F, 0xFF, 0x61, 0x04, 0x08, 0xFF, 0x09, 0x14, 0x1A, 0xFF,
    0x55, 0x94, 0xD0, 0xFF, 0x36, 0x69, 0xAD, 0xFF, 0x1C, 0x19, 0x11, 0xFF,
    0xDE, 0xD9, 0x44, 0xFF, 0xFF, 0xFF, 0x45, 0xFF, 0x9E, 0x99, 0x33, 0xFF,
    0x00, 0x00, 0x00, 0xFF, 0x00, 0x01, 0x00, 0xFF, 0x00, 0x00, 0x00, 0xFF,
    0x00, 0x00, 0x00, 0xFF, 0x01, 0x0A, 0x09, 0xFF, 0x03, 0x09, 0x09, 0xFF,
    0x50, 0x6D, 0x80, 0xFF, 0x61, 0x7E, 0x8F, 0xFF, 0x63, 0x74, 0x7E, 0xFF,
    0x5B, 0x6D, 0x74, 0xFF, 0x23, 0x28, 0x2D, 0xFF, 0x07, 0x06, 0x07, 0xFF,
    0x07, 0x08, 0x0C, 0xFF, 0x03, 0x04, 0x06, 0xFF, 0x00, 0x00, 0x00, 0xFF,
    0x93, 0x8E, 0x32, 0xFF, 0xB4, 0xB6, 0x3F, 0xFF, 0x22, 0x25, 0x11, 0xFF,
    0x09, 0x0B, 0x0C, 0xFF, 0xC2, 0xC7, 0xC4, 0xFF, 0xFF, 0xFF, 0xFF, 0xFF,
    0xF5, 0xF2, 0xEA, 0xFF, 0xF4, 0xF1, 0xE9, 0xFF, 0xF3, 0xF2, 0xE8, 0xFF,
    0xF4, 0xF1, 0xE9, 0xFF, 0xFF, 0xFF, 0xFF, 0xFF, 0xAB, 0xAB, 0xA5, 0xFF,
    0xEE, 0x84, 0x55, 0xFF, 0x73, 0x56, 0x47, 0xFF, 0x00, 0x02, 0x07, 0xFF,
    0x40, 0x4E, 0x44, 0xFF, 0x42, 0x55, 0x57, 0xFF, 0x26, 0x38, 0x46, 0xFF,
    0x30, 0x47, 0x4D, 0xFF, 0x28, 0x3A, 0x40, 0xFF, 0x25, 0x2B, 0x28, 0xFF,
    0x2A, 0x2D, 0x1F, 0xFF, 0x39, 0x3C, 0x23, 0xFF, 0x14, 0x0C, 0x10, 0xFF,
    0x51, 0x4A, 0x1F, 0xFF, 0xBC, 0xB1, 0x33, 0xFF, 0x81, 0x87, 0x26, 0xFF,
    0x33, 0x16, 0x12, 0xFF, 0x5E, 0x05, 0x16, 0xFF, 0x4D, 0x52, 0x51, 0xFF,
    0xFC, 0xFD, 0xFC, 0xFF, 0xFB, 0xFD, 0xFA, 0xFF, 0xFE, 0xFE, 0xFB, 0xFF,
    0xFE, 0xFE, 0xFC, 0xFF, 0xFB, 0xFB, 0xF8, 0xFF, 0xFE, 0xFF, 0xFE, 0xFF,
    0x98, 0xA1, 0x9C, 0xFF, 0x5C, 0x12, 0x21, 0xFF, 0x8E, 0x24, 0x3B, 0xFF,
    0x30, 0x08, 0x0E, 0xFF, 0xCD, 0x12, 0x20, 0xFF, 0x82, 0x0C, 0x12, 0xFF,
    0x00, 0x08, 0x0C, 0xFF, 0x30, 0x64, 0x8E, 0xFF, 0x31, 0x67, 0xA7, 0xFF,
    0x13, 0x17, 0x1C, 0xFF, 0xD7, 0xD3, 0x3E, 0xFF, 0xFC, 0xFD, 0x49, 0xFF,
    0x98, 0x95, 0x31, 0xFF, 0x03, 0x03, 0x03, 0xFF, 0x0A, 0x08, 0x06, 0xFF,
    0x05, 0x03, 0x04, 0xFF, 0x02, 0x00, 0x02, 0xFF, 0x0D, 0x14, 0x1D, 0xFF,
    0x00, 0x00, 0x00, 0xFF, 0x51, 0x77, 0x94, 0xFF, 0xAD, 0xEC, 0xFF, 0xFF,
    0xB7, 0xF4, 0xFF, 0xFF, 0xB8, 0xED, 0xFF, 0xFF, 0x37, 0x41, 0x4C, 0xFF,
    0x30, 0x32, 0x34, 0xFF, 0x48, 0x4E, 0x51, 0xFF, 0x2B, 0x2D, 0x33, 0xFF,
    0x05, 0x04, 0x03, 0xFF, 0xCE, 0xC7, 0x48, 0xFF, 0x3F, 0x3D, 0x1C, 0xFF,
    0x00, 0x00, 0x00, 0xFF, 0x69, 0x6C, 0x69, 0xFF, 0xFF, 0xFF, 0xFC, 0xFF,
    0xF2, 0xEE, 0xE7, 0xFF, 0xF6, 0xF3, 0xEC, 0xFF, 0xF5, 0xF4, 0xEC, 0xFF,
    0xF2, 0xF1, 0xE8, 0xFF, 0xFD, 0xFC, 0xF6, 0xFF, 0xA2, 0xA2, 0xA0, 0xFF,
    0x15, 0x15, 0x15, 0xFF, 0xE8, 0x62, 0x37, 0xFF, 0xDC, 0x8B, 0x67, 0xFF,
    0x2A, 0x2A, 0x2E, 0xFF, 0x0F, 0x14, 0x11, 0xFF, 0x36, 0x3F, 0x37, 0xFF,
    0x2C, 0x2F, 0x25, 0xFF, 0x26, 0x25, 0x18, 0xFF, 0x37, 0x33, 0x1B, 0xFF,
    0x4A, 0x44, 0x23, 0xFF, 0x46, 0x44, 0x2A, 0xFF, 0x3C, 0x3D, 0x23, 0xFF,
    0x43, 0x3D, 0x22, 0xFF, 0x27, 0x20, 0x12, 0xFF, 0x97, 0x8C, 0x30, 0xFF,
    0xA9, 0x9E, 0x2A, 0xFF, 0x70, 0x6B, 0x24, 0xFF, 0x17, 0x08, 0x07, 0xFF,
    0x00, 0x00, 0x00, 0xFF, 0xBE, 0xC3, 0xBF, 0xFF, 0xFF, 0xFF, 0xFF, 0xFF,
    0xFB, 0xFB, 0xFA, 0xFF, 0xFE, 0xFE, 0xFC, 0xFF, 0xFA, 0xFA, 0xF8, 0xFF,
    0xFF, 0xFF, 0xFF, 0xFF, 0x84, 0x86, 0x83, 0xFF, 0x34, 0x04, 0x0E, 0xFF,
    0x72, 0x14, 0x26, 0xFF, 0x90, 0x0E, 0x20, 0xFF, 0x6D, 0x00, 0x07, 0xFF,
    0x13, 0x00, 0x00, 0xFF, 0x13, 0x14, 0x16, 0xFF, 0x54, 0x55, 0x54, 0xFF,
    0x30, 0x3C, 0x45, 0xFF, 0x00, 0x00, 0x03, 0xFF, 0x89, 0x88, 0x33, 0xFF,
    0xFF, 0xFF, 0x55, 0xFF, 0xA6, 0xA2, 0x3A, 0xFF, 0x00, 0x00, 0x00, 0xFF,
    0x00, 0x00, 0x00, 0xFF, 0x00, 0x00, 0x00, 0xFF, 0x0D, 0x0C, 0x0E, 0xFF,
    0x34, 0x38, 0x39, 0xFF, 0x5C, 0x5E, 0x5D, 0xFF, 0x3B, 0x3C, 0x39, 0xFF,
    0x18, 0x29, 0x32, 0xFF, 0x33, 0x53, 0x64, 0xFF, 0x25, 0x41, 0x54, 0xFF,
    0x04, 0x0D, 0x11, 0xFF, 0x10, 0x1F, 0x20, 0xFF, 0x1C, 0x2A, 0x28, 0xFF,
    0x1B, 0x1E, 0x23, 0xFF, 0x1C, 0x19, 0x0D, 0xFF, 0xF7, 0xF2, 0x4F, 0xFF,
    0x6E, 0x68, 0x25, 0xFF, 0x18, 0x18, 0x1B, 0xFF, 0xD7, 0xD9, 0xD1, 0xFF,
    0xFB, 0xF9, 0xF1, 0xFF, 0xF5, 0xF2, 0xEA, 0xFF, 0xF6, 0xF3, 0xEA, 0xFF,
    0xF7, 0xF3, 0xEC, 0xFF, 0xF6, 0xF2, 0xEC, 0xFF, 0xF6, 0xF5, 0xEC, 0xFF,
    0xEF, 0xEB, 0xE6, 0xFF, 0x4B, 0x4B, 0x4A, 0xFF, 0xE5, 0x54, 0x36, 0xFF,
    0xE9, 0x65, 0x3F, 0xFF, 0x87, 0x5E, 0x4A, 0xFF, 0x05, 0x08, 0x08, 0xFF,
    0x39, 0x34, 0x27, 0xFF, 0x50, 0x4F, 0x34, 0xFF, 0x39, 0x39, 0x24, 0xFF,
    0x32, 0x30, 0x21, 0xFF, 0x44, 0x43, 0x2B, 0xFF, 0x45, 0x41, 0x29, 0xFF,
    0x35, 0x34, 0x22, 0xFF, 0x34, 0x34, 0x19, 0xFF, 0x08, 0x05, 0x03, 0xFF,
    0x44, 0x3E, 0x15, 0xFF, 0xC2, 0xB3, 0x36, 0xFF, 0x88, 0x83, 0x30, 0xFF,
    0x2C, 0x10, 0x0F, 0xFF, 0x19, 0x02, 0x05, 0xFF, 0x55, 0x53, 0x52, 0xFF,
    0xFD, 0xFF, 0xFE, 0xFF, 0xF9, 0xF8, 0xF7, 0xFF, 0xF9, 0xFA, 0xF7, 0xFF,
    0xFA, 0xFA, 0xF9, 0xFF, 0xF9, 0xFA, 0xF7, 0xFF, 0x2E, 0x33, 0x31, 0xFF,
    0xB5, 0x21, 0x42, 0xFF, 0xB8, 0x1C, 0x39, 0xFF, 0x2E, 0x0E, 0x11, 0xFF,
    0x68, 0x73, 0x72, 0xFF, 0x9A, 0xA2, 0xA0, 0xFF, 0xC6, 0xC8, 0xC4, 0xFF,
    0xFF, 0xFF, 0xFD, 0xFF, 0xEE, 0xEE, 0xE6, 0xFF, 0x41, 0x3F, 0x43, 0xFF,
    0x0F, 0x0F, 0x06, 0xFF, 0x85, 0x87, 0x29, 0xFF, 0x47, 0x46, 0x1A, 0xFF,
    0x31, 0x33, 0x35, 0xFF, 0x7A, 0x7C, 0x7B, 0xFF, 0xB2, 0xB5, 0xB1, 0xFF,
    0xDA, 0xDC, 0xD8, 0xFF, 0xF9, 0xFC, 0xF5, 0xFF, 0xFF, 0xFF, 0xFF, 0xFF,
    0xDF, 0xE5, 0xE0, 0xFF, 0x02, 0x00, 0x00, 0xFF, 0x18, 0x00, 0x00, 0xFF,
    0x25, 0x00, 0x01, 0xFF, 0x2C, 0x06, 0x0A, 0xFF, 0x40, 0x0C, 0x12, 0xFF,
    0x5D, 0x20, 0x24, 0xFF, 0x18, 0x05, 0x0D, 0xFF, 0x51, 0x4E, 0x1D, 0xFF,
    0xFF, 0xFF, 0x55, 0xFF, 0x71, 0x6F, 0x23, 0xFF, 0xAF, 0xB0, 0xB4, 0xFF,
    0xFF, 0xFF, 0xF9, 0xFF, 0xF6, 0xF2, 0xEA, 0xFF, 0xF7, 0xF5, 0xEC, 0xFF,
    0xF7, 0xF3, 0xEA, 0xFF, 0xF7, 0xF4, 0xED, 0xFF, 0xF6, 0xF3, 0xEB, 0xFF,
    0xF6, 0xF5, 0xEE, 0xFF, 0xD7, 0xD7, 0xD3, 0xFF, 0x4F, 0x50, 0x4D, 0xFF,
    0xE2, 0x47, 0x32, 0xFF, 0xE0, 0x4E, 0x30, 0xFF, 0xE6, 0x80, 0x5A, 0xFF,
    0x39, 0x2F, 0x2B, 0xFF, 0x0B, 0x0D, 0x0B, 0xFF, 0x2A, 0x2D, 0x24, 0xFF,
    0x30, 0x33, 0x24, 0xFF, 0x25, 0x24, 0x15, 0xFF, 0x1F, 0x1D, 0x10, 0xFF,
    0x14, 0x11, 0x09, 0xFF, 0x24, 0x26, 0x1B, 0xFF, 0x40, 0x40, 0x35, 0xFF,
    0x77, 0x72, 0x68, 0xFF, 0x44, 0x42, 0x35, 0xFF, 0x55, 0x52, 0x20, 0xFF,
    0x08, 0x08, 0x03, 0xFF, 0x0A, 0x05, 0x0A, 0xFF, 0xAD, 0x29, 0x49, 0xFF,
    0x41, 0x1A, 0x23, 0xFF, 0xE0, 0xEB, 0xE6, 0xFF, 0xFF, 0xFF, 0xFF, 0xFF,
    0xFF, 0xFF, 0xFF, 0xFF, 0xFF, 0xFF, 0xFF, 0xFF, 0xC1, 0xC3, 0xBE, 0xFF,
    0x06, 0x07, 0x09, 0xFF, 0x49, 0x14, 0x20, 0xFF, 0x24, 0x10, 0x10, 0xFF,
    0xB6, 0xC3, 0xBD, 0xFF, 0xFF, 0xFF, 0xFF, 0xFF, 0xFF, 0xFF, 0xFA, 0xFF,
    0xFD, 0xFB, 0xF4, 0xFF, 0xF0, 0xEE, 0xE5, 0xFF, 0xFF, 0xFF, 0xFF, 0xFF,
    0x9B, 0x9B, 0x97, 0xFF, 0x1C, 0x1E, 0x1D, 0xFF, 0x8B, 0x90, 0x94, 0xFF,
    0xC1, 0xC6, 0xC4, 0xFF, 0xFF, 0xFF, 0xFF, 0xFF, 0xFF, 0xFF, 0xFF, 0xFF,
    0xFF, 0xFF, 0xFF, 0xFF, 0xEF, 0xF2, 0xEC, 0xFF, 0xCD, 0xD2, 0xCD, 0xFF,
    0xAE, 0xB0, 0xAE, 0xFF, 0x60, 0x63, 0x62, 0xFF, 0x04, 0x03, 0x05, 0xFF,
    0x41, 0x19, 0x1C, 0xFF, 0x4B, 0x18, 0x1C, 0xFF, 0x54, 0x15, 0x19, 0xFF,
    0x66, 0x19, 0x21, 0xFF, 0x6D, 0x23, 0x29, 0xFF, 0x16, 0x04, 0x0C, 0xFF,
    0x96, 0x92, 0x31, 0xFF, 0xC2, 0xBB, 0x3C, 0xFF, 0x25, 0x26, 0x2A, 0xFF,
    0xE9, 0xEA, 0xE5, 0xFF, 0xF9, 0xF7, 0xEF, 0xFF, 0xF7, 0xF5, 0xED, 0xFF,
    0xF6, 0xF4, 0xEC, 0xFF, 0xF5, 0xF4, 0xEA, 0xFF, 0xF5, 0xF3, 0xEC, 0xFF,
    0xF3, 0xF2, 0xEA, 0xFF, 0xFF, 0xFF, 0xF9, 0xFF, 0x4F, 0x52, 0x54, 0xFF,
    0x00, 0x00, 0x00, 0xFF, 0xE1, 0x4F, 0x32, 0xFF, 0xDF, 0x4B, 0x2F, 0xFF,
    0xE8, 0x68, 0x43, 0xFF, 0x94, 0x5E, 0x47, 0xFF, 0x07, 0x05, 0x07, 0xFF,
    0x37, 0x39, 0x2A, 0xFF, 0x45, 0x46, 0x35, 0xFF, 0x56, 0x54, 0x4C, 0xFF,
    0x7C, 0x7F, 0x75, 0xFF, 0x99, 0xA0, 0x9A, 0xFF, 0x9D, 0xA5, 0x9F, 0xFF,
    0xBB, 0xC4, 0xBD, 0xFF, 0xAB, 0xB0, 0xAC, 0xFF, 0x1A, 0x1A, 0x1A, 0xFF,
    0x00, 0x00, 0x00, 0xFF, 0x10, 0x17, 0x19, 0xFF, 0x4E, 0x11, 0x1D, 0xFF,
    0xFF, 0x3C, 0x75, 0xFF, 0x4E, 0x0B, 0x1C, 0xFF, 0x36, 0x42, 0x3E, 0xFF,
    0x8D, 0x8F, 0x8E, 0xFF, 0x80, 0x84, 0x82, 0xFF, 0x64, 0x66, 0x68, 0xFF,
    0x03, 0x03, 0x04, 0xFF, 0x41, 0x45, 0x44, 0xFF, 0x35, 0x3F, 0x3C, 0xFF,
    0x3B, 0x3A, 0x3B, 0xFF, 0xFF, 0xFF, 0xFF, 0xFF, 0xF4, 0xF0, 0xE9, 0xFF,
    0xF4, 0xF1, 0xEA, 0xFF, 0xF5, 0xF2, 0xEB, 0xFF, 0xF6, 0xF4, 0xEC, 0xFF,
    0xE2, 0xE2, 0xDE, 0xFF, 0x76, 0x77, 0x72, 0xFF, 0xB6, 0xBE, 0xBB, 0xFF,
    0xF0, 0xF5, 0xED, 0xFF, 0xB4, 0xB7, 0xAE, 0xFF, 0x81, 0x83, 0x7D, 0xFF,
    0x58, 0x59, 0x57, 0xFF, 0x32, 0x33, 0x34, 0xFF, 0x20, 0x23, 0x23, 0xFF,
    0x1B, 0x20, 0x1F, 0xFF, 0x25, 0x2A, 0x29, 0xFF, 0x2D, 0x30, 0x30, 0xFF,
    0x01, 0x01, 0x04, 0xFF, 0x1A, 0x19, 0x0E, 0xFF, 0x33, 0x3B, 0x1C, 0xFF,
    0x2F, 0x38, 0x1C, 0xFF, 0x2E, 0x37, 0x1C, 0xFF, 0x28, 0x32, 0x1C, 0xFF,
    0x00, 0x02, 0x02, 0xFF, 0xD1, 0xCB, 0x49, 0xFF, 0x63, 0x5B, 0x19, 0xFF,
    0x96, 0x9A, 0xA3, 0xFF, 0xFF, 0xFF, 0xFE, 0xFF, 0xF2, 0xF0, 0xE9, 0xFF,
    0xF7, 0xF5, 0xED, 0xFF, 0xF7, 0xF4, 0xEB, 0xFF, 0xF6, 0xF3, 0xEC, 0xFF,
    0xF5, 0xF4, 0xEB, 0xFF, 0xF4, 0xF4, 0xED, 0xFF, 0xF9, 0xF9, 0xF0, 0xFF,
    0xDA, 0xDF, 0xDE, 0xFF, 0x1B, 0x1D, 0x20, 0xFF, 0xE5, 0x55, 0x35, 0xFF,
    0xE2, 0x50, 0x34, 0xFF, 0xDF, 0x58, 0x36, 0xFF, 0xED, 0x7C, 0x58, 0xFF,
    0x38, 0x23, 0x1A, 0xFF, 0x07, 0x0F, 0x13, 0xFF, 0x89, 0x91, 0x8F, 0xFF,
    0x8A, 0x97, 0x95, 0xFF, 0x5C, 0x69, 0x6A, 0xFF, 0x33, 0x3C, 0x3F, 0xFF,
    0x11, 0x12, 0x18, 0xFF, 0x1E, 0x18, 0x1B, 0xFF, 0x01, 0x00, 0x01, 0xFF,
    0x20, 0x21, 0x20, 0xFF, 0xB5, 0xBA, 0xB3, 0xFF, 0x3E, 0x42, 0x3F, 0xFF,
    0xAE, 0x1A, 0x43, 0xFF, 0xFF, 0x31, 0x74, 0xFF, 0xD3, 0x27, 0x54, 0xFF,
    0x0F, 0x00, 0x00, 0xFF, 0x00, 0x00, 0x00, 0xFF, 0x00, 0x00, 0x00, 0xFF,
    0x00, 0x00, 0x00, 0xFF, 0x33, 0x33, 0x31, 0xFF, 0xDD, 0xDF, 0xDC, 0xFF,
    0x7A, 0x7A, 0x72, 0xFF, 0x37, 0x35, 0x35, 0xFF, 0xFF, 0xFF, 0xFC, 0xFF,
    0xF6, 0xF3, 0xEB, 0xFF, 0xF6, 0xF3, 0xEA, 0xFF, 0xF5, 0xF2, 0xE9, 0xFF,
    0xFD, 0xFC, 0xF4, 0xFF, 0xA8, 0xA8, 0xA5, 0xFF, 0x0D, 0x0D, 0x0F, 0xFF,
    0x2A, 0x2F, 0x2E, 0xFF, 0x2D, 0x31, 0x31, 0xFF, 0x3E, 0x43, 0x43, 0xFF,
    0x63, 0x68, 0x68, 0xFF, 0x8A, 0x90, 0x8C, 0xFF, 0xB0, 0xB8, 0xB2, 0xFF,
    0xD1, 0xDC, 0xD7, 0xFF, 0xE5, 0xF0, 0xE8, 0xFF, 0xFA, 0xFF, 0xFC, 0xFF,
    0xC7, 0xCD, 0xCB, 0xFF, 0x04, 0x04, 0x06, 0xFF, 0x20, 0x28, 0x15, 0xFF,
    0x3A, 0x45, 0x21, 0xFF, 0x39, 0x43, 0x1F, 0xFF, 0x3C, 0x49, 0x21, 0xFF,
    0x2F, 0x38, 0x21, 0xFF, 0x17, 0x14, 0x0B, 0xFF, 0xF4, 0xF1, 0x4F, 0xFF,
    0x73, 0x6E, 0x27, 0xFF, 0x32, 0x35, 0x3B, 0xFF, 0xE1, 0xE4, 0xDB, 0xFF,
    0xFF, 0xFF, 0xFB, 0xFF, 0xF2, 0xF0, 0xE8, 0xFF, 0xF2, 0xF2, 0xE8, 0xFF,
    0xF3, 0xF0, 0xE9, 0xFF, 0xF4, 0xF3, 0xE9, 0xFF, 0xF4, 0xF4, 0xE9, 0xFF,
    0xF7, 0xF7, 0xEE, 0xFF, 0xBB, 0xC1, 0xBE, 0xFF, 0x11, 0x11, 0x0F, 0xFF,
    0xE6, 0x55, 0x35, 0xFF, 0xDF, 0x4F, 0x31, 0xFF, 0xE2, 0x51, 0x30, 0xFF,
    0xE2, 0x5D, 0x3B, 0xFF, 0xBD, 0x6D, 0x4D, 0xFF, 0x46, 0x36, 0x2E, 0xFF,
    0x0C, 0x0F, 0x10, 0xFF, 0x1D, 0x17, 0x14, 0xFF, 0x4D, 0x33, 0x24, 0xFF,
    0x89, 0x5B, 0x3C, 0xFF, 0xBD, 0x7E, 0x51, 0xFF, 0xE4, 0xA9, 0x75, 0xFF,
    0x45, 0x34, 0x27, 0xFF, 0x85, 0x89, 0x8B, 0xFF, 0xCF, 0xDE, 0xD5, 0xFF,
    0x32, 0x01, 0x0F, 0xFF, 0xF7, 0x2F, 0x6B, 0xFF, 0xFA, 0x29, 0x68, 0xFF,
    0xFF, 0x2B, 0x6A, 0xFF, 0x79, 0x13, 0x2F, 0xFF, 0x21, 0x28, 0x26, 0xFF,
    0x5C, 0x5B, 0x5B, 0xFF, 0x83, 0x85, 0x81, 0xFF, 0xF4, 0xF6, 0xF2, 0xFF,
    0xFF, 0xFF, 0xFF, 0xFF, 0x74, 0x75, 0x6F, 0xFF, 0x07, 0x07, 0x07, 0xFF,
    0xEF, 0xF0, 0xE9, 0xFF, 0xFB, 0xF9, 0xF0, 0xFF, 0xF6, 0xF3, 0xEB, 0xFF,
    0xF5, 0xF5, 0xED, 0xFF, 0xFB, 0xF9, 0xEE, 0xFF, 0xEC, 0xED, 0xE3, 0xFF,
    0x48, 0x4B, 0x4C, 0xFF, 0xA9, 0xB5, 0xB5, 0xFF, 0xCB, 0xD5, 0xD3, 0xFF,
    0xC8, 0xD3, 0xCE, 0xFF, 0xC2, 0xC8, 0xC7, 0xFF, 0xA6, 0xAB, 0xA9, 0xFF,
    0x86, 0x8B, 0x8A, 0xFF, 0x59, 0x5E, 0x5E, 0xFF, 0x35, 0x3A, 0x39, 0xFF,
    0x24, 0x27, 0x2B, 0xFF, 0x07, 0x09, 0x0C, 0xFF, 0x00, 0x00, 0x00, 0xFF,
    0x15, 0x1A, 0x0E, 0xFF, 0x1D, 0x23, 0x13, 0xFF, 0x1B, 0x1F, 0x12, 0xFF,
    0x22, 0x29, 0x16, 0xFF, 0x10, 0x16, 0x11, 0xFF, 0x41, 0x3C, 0x19, 0xFF,
    0xFF, 0xFF, 0x4D, 0xFF, 0xC8, 0xC6, 0x41, 0xFF, 0x05, 0x01, 0x00, 0xFF,
    0x63, 0x65, 0x68, 0xFF, 0xDD, 0xDF, 0xDD, 0xFF, 0xFF, 0xFF, 0xFA, 0xFF,
    0xFF, 0xFF, 0xFF, 0xFF, 0xFF, 0xFF, 0xFF, 0xFF, 0xF7, 0xF8, 0xED, 0xFF,
    0xF4, 0xF4, 0xE6, 0xFF, 0xF1, 0xF3, 0xE5, 0xFF, 0x27, 0x27, 0x27, 0xFF,
    0x14, 0x2B, 0x50, 0xFF, 0xE6, 0x51, 0x31, 0xFF, 0xE8, 0x50, 0x30, 0xFF,
    0xEA, 0x51, 0x31, 0xFF, 0xE7, 0x52, 0x33, 0xFF, 0xEE, 0x67, 0x3B, 0xFF,
    0xE5, 0x83, 0x51, 0xFF, 0xCA, 0x7F, 0x54, 0xFF, 0xE3, 0x8C, 0x5C, 0xFF,
    0xFD, 0x97, 0x5D, 0xFF, 0xF9, 0x90, 0x57, 0xFF, 0xFE, 0x95, 0x58, 0xFF,
    0xD8, 0x90, 0x5C, 0xFF, 0x0B, 0x08, 0x07, 0xFF, 0xC3, 0xC6, 0xC8, 0xFF,
    0x65, 0x71, 0x6B, 0xFF, 0x80, 0x09, 0x2D, 0xFF, 0xFF, 0x31, 0x72, 0xFF,
    0xF5, 0x28, 0x65, 0xFF, 0xFF, 0x2E, 0x6C, 0xFF, 0x9C, 0x16, 0x36, 0xFF,
    0x3B, 0x44, 0x41, 0xFF, 0xFF, 0xFF, 0xFF, 0xFF, 0xFF, 0xFF, 0xFF, 0xFF,
    0xFC, 0xFC, 0xFC, 0xFF, 0xFC, 0xFC, 0xFA, 0xFF, 0xB6, 0xB8, 0xB7, 0xFF,
    0x2C, 0x2D, 0x2E, 0xFF, 0xC0, 0xBF, 0xBC, 0xFF, 0xFF, 0xFF, 0xFB, 0xFF,
    0xF5, 0xF2, 0xEA, 0xFF, 0xF6, 0xF5, 0xED, 0xFF, 0xF8, 0xF6, 0xEC, 0xFF,
    0xF3, 0xF3, 0xE9, 0xFF, 0x60, 0x63, 0x63, 0xFF, 0x2C, 0x30, 0x32, 0xFF,
    0x27, 0x2B, 0x2C, 0xFF, 0x27, 0x2B, 0x2C, 0xFF, 0x30, 0x34, 0x35, 0xFF,
    0x40, 0x43, 0x46, 0xFF, 0x54, 0x58, 0x5B, 0xFF, 0x6C, 0x75, 0x75, 0xFF,
    0x85, 0x8E, 0x8D, 0xFF, 0xA3, 0xAB, 0xAB, 0xFF, 0xB8, 0xC1, 0xC0, 0xFF,
    0x20, 0x25, 0x26, 0xFF, 0x01, 0x01, 0x02, 0xFF, 0x1D, 0x23, 0x17, 0xFF,
    0x2B, 0x33, 0x20, 0xFF, 0x30, 0x37, 0x24, 0xFF, 0x09, 0x0E, 0x0C, 0xFF,
    0x79, 0x77, 0x2D, 0xFF, 0xFF, 0xFF, 0x46, 0xFF, 0xFF, 0xFF, 0x4A, 0xFF,
    0x5F, 0x5C, 0x26, 0xFF, 0x1C, 0x1C, 0x07, 0xFF, 0x32, 0x33, 0x1C, 0xFF,
    0x57, 0x5C, 0x5E, 0xFF, 0x86, 0x89, 0x88, 0xFF, 0x67, 0x69, 0x69, 0xFF,
    0xDB, 0xE3, 0xDC, 0xFF, 0xFF, 0xFF, 0xF7, 0xFF, 0xF8, 0xFA, 0xED, 0xFF,
    0x36, 0x34, 0x2D, 0xFF, 0x20, 0x4C, 0x81, 0xFF, 0xF0, 0x51, 0x30, 0xFF,
    0xF0, 0x52, 0x31, 0xFF, 0xF0, 0x54, 0x31, 0xFF, 0xF1, 0x56, 0x33, 0xFF,
    0xF0, 0x56, 0x32, 0xFF, 0xF1, 0x60, 0x33, 0xFF, 0xF7, 0x6F, 0x3E, 0xFF,
    0xF3, 0x67, 0x33, 0xFF, 0xF2, 0x6E, 0x3A, 0xFF, 0xF1, 0x70, 0x40, 0xFF,
    0xFB, 0x84, 0x4E, 0xFF, 0x8B, 0x57, 0x36, 0xFF, 0x3E, 0x44, 0x49, 0xFF,
    0xEA, 0xF0, 0xEC, 0xFF, 0x1B, 0x16, 0x14, 0xFF, 0xCC, 0x1F, 0x52, 0xFF,
    0xFD, 0x29, 0x6C, 0xFF, 0xF7, 0x26, 0x62, 0xFF, 0xFD, 0x2A, 0x64, 0xFF,
    0xD5, 0x28, 0x55, 0xFF, 0x14, 0x07, 0x09, 0xFF, 0xD5, 0xD8, 0xD8, 0xFF,
    0xFB, 0xFB, 0xFB, 0xFF, 0xFB, 0xFB, 0xFA, 0xFF, 0xFA, 0xFB, 0xF6, 0xFF,
    0xFF, 0xFF, 0xFF, 0xFF, 0x7C, 0x7F, 0x80, 0xFF, 0x78, 0x79, 0x78, 0xFF,
    0xFE, 0xFE, 0xFE, 0xFF, 0xF3, 0xF1, 0xE8, 0xFF, 0xF6, 0xF4, 0xEB, 0xFF,
    0xF3, 0xF1, 0xE8, 0xFF, 0xFF, 0xFF, 0xFE, 0xFF, 0x86, 0x88, 0x84, 0xFF,
    0x56, 0x59, 0x58, 0xFF, 0xD8, 0xDC, 0xDB, 0xFF, 0xD4, 0xDA, 0xD6, 0xFF,
    0xE0, 0xE4, 0xDE, 0xFF, 0xDE, 0xE0, 0xDB, 0xFF, 0xD6, 0xD8, 0xD4, 0xFF,
    0xC9, 0xCB, 0xC7, 0xFF, 0xB2, 0xB4, 0xAF, 0xFF, 0xAA, 0xAC, 0xA7, 0xFF,
    0x80, 0x82, 0x7D, 0xFF, 0x07, 0x05, 0x03, 0xFF, 0x0C, 0x0F, 0x0B, 0xFF,
    0x2B, 0x37, 0x29, 0xFF, 0x3B, 0x48, 0x37, 0xFF, 0x38, 0x44, 0x35, 0xFF,
    0x04, 0x08, 0x0C, 0xFF, 0xB4, 0xB1, 0x3A, 0xFF, 0xFF, 0xFF, 0x47, 0xFF,
    0xF0, 0xE9, 0x44, 0xFF, 0x59, 0x5B, 0x28, 0xFF, 0xEE, 0xF1, 0x55, 0xFF,
    0xDD, 0xDD, 0x44, 0xFF, 0x13, 0x11, 0x01, 0xFF, 0x00, 0x00, 0x03, 0xFF,
    0x03, 0x08, 0x0F, 0xFF, 0x2A, 0x30, 0x33, 0xFF, 0x5C, 0x5E, 0x5C, 0xFF,
    0xF9, 0xFA, 0xE5, 0xFF, 0x2D, 0x29, 0x24, 0xFF, 0x12, 0x36, 0x5D, 0xFF,
    0xF4, 0x58, 0x35, 0xFF, 0xF3, 0x59, 0x35, 0xFF, 0xF7, 0x5C, 0x35, 0xFF,
    0xF5, 0x5F, 0x36, 0xFF, 0xF5, 0x5E, 0x36, 0xFF, 0xF3, 0x5F, 0x37, 0xFF,
    0xF3, 0x6A, 0x3C, 0xFF, 0xF3, 0x71, 0x3F, 0xFF, 0xF5, 0x79, 0x44, 0xFF,
    0xF2, 0x76, 0x42, 0xFF, 0xFE, 0x8E, 0x5A, 0xFF, 0x6F, 0x4D, 0x30, 0xFF,
    0x73, 0x7C, 0x82, 0xFF, 0xC8, 0xD4, 0xCC, 0xFF, 0x35, 0x02, 0x0F, 0xFF,
    0xFF, 0x31, 0x71, 0xFF, 0xFF, 0x2A, 0x68, 0xFF, 0xFF, 0x29, 0x64, 0xFF,
    0xFB, 0x27, 0x61, 0xFF, 0xFF, 0x31, 0x6B, 0xFF, 0x58, 0x05, 0x16, 0xFF,
    0x72, 0x7F, 0x7D, 0xFF, 0xFF, 0xFF, 0xFF, 0xFF, 0xF8, 0xF8, 0xF5, 0xFF,
    0xF8, 0xF9, 0xF6, 0xFF, 0xFB, 0xFB, 0xFB, 0xFF, 0x85, 0x87, 0x86, 0xFF,
    0x29, 0x2C, 0x2C, 0xFF, 0xFF, 0xFF, 0xFF, 0xFF, 0xFA, 0xF8, 0xEE, 0xFF,
    0xF9, 0xF9, 0xEE, 0xFF, 0xF0, 0xF1, 0xE8, 0xFF, 0xFA, 0xFA, 0xF3, 0xFF,
    0xB6, 0xB6, 0xAF, 0xFF, 0x25, 0x27, 0x29, 0xFF, 0x31, 0x34, 0x36, 0xFF,
    0x3B, 0x44, 0x45, 0xFF, 0x3D, 0x48, 0x4E, 0xFF, 0x2C, 0x38, 0x42, 0xFF,
    0x21, 0x31, 0x3D, 0xFF, 0x18, 0x2A, 0x35, 0xFF, 0x16, 0x27, 0x34, 0xFF,
    0x17, 0x29, 0x37, 0xFF, 0x1F, 0x34, 0x42, 0xFF, 0x26, 0x39, 0x4B, 0xFF,
    0x01, 0x01, 0x07, 0xFF, 0x2F, 0x30, 0x16, 0xFF, 0x37, 0x39, 0x1A, 0xFF,
    0x2B, 0x2E, 0x14, 0xFF, 0x4C, 0x49, 0x1D, 0xFF, 0xEE, 0xEB, 0x46, 0xFF,
    0xFC, 0xF6, 0x41, 0xFF, 0xF2, 0xEB, 0x43, 0xFF, 0x39, 0x39, 0x18, 0xFF,
    0xCB, 0xCF, 0x42, 0xFF, 0xFF, 0xFF, 0x54, 0xFF, 0x5A, 0x52, 0x17, 0xFF,
    0x25, 0x5C, 0x80, 0xFF, 0x68, 0xD0, 0xF4, 0xFF, 0x2E, 0x62, 0x90, 0xFF,
    0x19, 0x18, 0x0D, 0xFF, 0xF6, 0xF8, 0x6A, 0xFF, 0x68, 0x65, 0x23, 0xFF,
    0x10, 0x1F, 0x37, 0xFF, 0xF7, 0x69, 0x3E, 0xFF, 0xF6, 0x64, 0x3A, 0xFF,
    0xF7, 0x64, 0x39, 0xFF, 0xF5, 0x6A, 0x3A, 0xFF, 0xF3, 0x6D, 0x3B, 0xFF,
    0xF7, 0x71, 0x40, 0xFF, 0xF7, 0x77, 0x43, 0xFF, 0xF5, 0x79, 0x44, 0xFF,
    0xF5, 0x7C, 0x47, 0xFF, 0xF0, 0x77, 0x40, 0xFF, 0xFA, 0x98, 0x5B, 0xFF,
    0x95, 0x72, 0x52, 0xFF, 0x1B, 0x22, 0x27, 0xFF, 0x3F, 0x4C, 0x48, 0xFF,
    0x48, 0x07, 0x1A, 0xFF, 0xC2, 0x26, 0x53, 0xFF, 0xC8, 0x26, 0x54, 0xFF,
    0xDA, 0x27, 0x5F, 0xFF, 0xE4, 0x28, 0x62, 0xFF, 0xF4, 0x2B, 0x6C, 0xFF,
    0xB3, 0x20, 0x4F, 0xFF, 0x09, 0x0A, 0x0C, 0xFF, 0xCC, 0xD2, 0xD2, 0xFF,
    0xFF, 0xFF, 0xFF, 0xFF, 0xFF, 0xFF, 0xFC, 0xFF, 0xFF, 0xFF, 0xFF, 0xFF,
    0x6A, 0x6B, 0x6A, 0xFF, 0x02, 0x00, 0x00, 0xFF, 0x97, 0x98, 0x93, 0xFF,
    0xEC, 0xEC, 0xE9, 0xFF, 0xE0, 0xE3, 0xDC, 0xFF, 0xFF, 0xFF, 0xFC, 0xFF,
    0xFF, 0xFF, 0xFD, 0xFF, 0xCA, 0xCD, 0xCC, 0xFF, 0x21, 0x21, 0x17, 0xFF,
    0x0F, 0x0F, 0x0D, 0xFF, 0x5A, 0x87, 0xB9, 0xFF, 0x6D, 0xA8, 0xD4, 0xFF,
    0x61, 0x9C, 0xCE, 0xFF, 0x5F, 0x9D, 0xD3, 0xFF, 0x5D, 0xA0, 0xD5, 0xFF,
    0x5D, 0xA4, 0xD8, 0xFF, 0x5E, 0xA6, 0xD9, 0xFF, 0x66, 0xB3, 0xE6, 0xFF,
    0x4C, 0x8B, 0xC3, 0xFF, 0x44, 0x47, 0x25, 0xFF, 0xF4, 0xF1, 0x4B, 0xFF,
    0xF4, 0xF2, 0x47, 0xFF, 0xF0, 0xF0, 0x46, 0xFF, 0xF8, 0xF7, 0x48, 0xFF,
    0xFA, 0xF5, 0x41, 0xFF, 0xF8, 0xF1, 0x40, 0xFF, 0xFF, 0xF9, 0x4A, 0xFF,
    0x29, 0x27, 0x0F, 0xFF, 0x75, 0x74, 0x26, 0xFF, 0xFD, 0xFD, 0x51, 0xFF,
    0x5A, 0x54, 0x18, 0xFF, 0x1D, 0x2F, 0x3D, 0xFF, 0x2D, 0x5E, 0x83, 0xFF,
    0x38, 0x51, 0x5A, 0xFF, 0xAE, 0xAE, 0x3B, 0xFF, 0xFF, 0xFF, 0x46, 0xFF,
    0xE6, 0xEA, 0x4C, 0xFF, 0x19, 0x1C, 0x16, 0xFF, 0xF9, 0x75, 0x45, 0xFF,
    0xF7, 0x71, 0x41, 0xFF, 0xF4, 0x6E, 0x40, 0xFF, 0xF0, 0x6D, 0x3D, 0xFF,
    0xF3, 0x70, 0x3D, 0xFF, 0xF5, 0x72, 0x40, 0xFF, 0xF6, 0x7F, 0x47, 0xFF,
    0xF5, 0x7E, 0x47, 0xFF, 0xF3, 0x80, 0x49, 0xFF, 0xF1, 0x7D, 0x44, 0xFF,
    0xEB, 0x89, 0x4F, 0xFF, 0xDC, 0xA4, 0x72, 0xFF, 0x3F, 0x34, 0x2A, 0xFF,
    0x00, 0x00, 0x00, 0xFF, 0x54, 0x1D, 0x13, 0xFF, 0x7D, 0x24, 0x10, 0xFF,
    0x73, 0x1F, 0x13, 0xFF, 0x6C, 0x1B, 0x18, 0xFF, 0x68, 0x19, 0x1C, 0xFF,
    0x68, 0x18, 0x1F, 0xFF, 0x78, 0x22, 0x2C, 0xFF, 0x34, 0x0C, 0x0D, 0xFF,
    0x2B, 0x2C, 0x2C, 0xFF, 0xB7, 0xB9, 0xB9, 0xFF, 0xE0, 0xE1, 0xDE, 0xFF,
    0x91, 0x9C, 0x9B, 0xFF, 0x07, 0x07, 0x09, 0xFF, 0x2F, 0x0D, 0x13, 0xFF,
    0x00, 0x00, 0x05, 0xFF, 0x16, 0x15, 0x14, 0xFF, 0x14, 0x15, 0x15, 0xFF,
    0x48, 0x4A, 0x4B, 0xFF, 0x51, 0x53, 0x53, 0xFF, 0x18, 0x19, 0x13, 0xFF,
    0xB3, 0xAF, 0x39, 0xFF, 0xC7, 0xC2, 0x44, 0xFF, 0x68, 0x6D, 0x39, 0xFF,
    0x69, 0x75, 0x3B, 0xFF, 0x65, 0x71, 0x39, 0xFF, 0x65, 0x6F, 0x38, 0xFF,
    0x61, 0x6B, 0x36, 0xFF, 0x5E, 0x6A, 0x35, 0xFF, 0x5C, 0x67, 0x37, 0xFF,
    0x51, 0x5B, 0x35, 0xFF, 0x51, 0x58, 0x31, 0xFF, 0xD8, 0xD3, 0x43, 0xFF,
    0xFF, 0xFA, 0x43, 0xFF, 0xF8, 0xF2, 0x40, 0xFF, 0xFA, 0xF3, 0x41, 0xFF,
    0xF9, 0xF2, 0x41, 0xFF, 0xF8, 0xF1, 0x42, 0xFF, 0xF7, 0xEE, 0x41, 0xFF,
    0xFF, 0xFF, 0x47, 0xFF, 0x85, 0x81, 0x30, 0xFF, 0x51, 0x4D, 0x23, 0xFF,
    0xFF, 0xFF, 0x4A, 0xFF, 0xF0, 0xEA, 0x45, 0xFF, 0xE2, 0xDA, 0x43, 0xFF,
    0x8F, 0x86, 0x20, 0xFF, 0xC1, 0xBE, 0x35, 0xFF, 0xFF, 0xFF, 0x49, 0xFF,
    0xFD, 0xFD, 0x48, 0xFF, 0xC5, 0xC7, 0x3F, 0xFF, 0x01, 0x02, 0x09, 0xFF,
    0xF9, 0x85, 0x4A, 0xFF, 0xF9, 0x83, 0x49, 0xFF, 0xF7, 0x82, 0x48, 0xFF,
    0xF5, 0x80, 0x46, 0xFF, 0xF8, 0x7C, 0x42, 0xFF, 0xF8, 0x7E, 0x43, 0xFF,
    0xF9, 0x85, 0x49, 0xFF, 0xF4, 0x85, 0x48, 0xFF, 0xF3, 0x8D, 0x4E, 0xFF,
    0xF3, 0x8D, 0x4E, 0xFF, 0xE6, 0x8F, 0x57, 0xFF, 0xF0, 0xAE, 0x70, 0xFF,
    0xBB, 0x9D, 0x77, 0xFF, 0x09, 0x06, 0x09, 0xFF, 0xAB, 0x3B, 0x1A, 0xFF,
    0xE1, 0x4B, 0x1D, 0xFF, 0xDA, 0x47, 0x1B, 0xFF, 0xD6, 0x49, 0x1B, 0xFF,
    0xD0, 0x49, 0x1D, 0xFF, 0xBD, 0x42, 0x1B, 0xFF, 0x69, 0x20, 0x0F, 0xFF,
    0xA3, 0x37, 0x1E, 0xFF, 0x59, 0x18, 0x0C, 0xFF, 0x00, 0x00, 0x00, 0xFF,
    0x06, 0x09, 0x0B, 0xFF, 0x1B, 0x07, 0x05, 0xFF, 0x3C, 0x12, 0x08, 0xFF,
    0x1D, 0x30, 0x47, 0xFF, 0x33, 0x61, 0x94, 0xFF, 0x06, 0x0F, 0x1E, 0xFF,
    0x08, 0x05, 0x05, 0xFF, 0x41, 0x40, 0x35, 0xFF, 0x06, 0x06, 0x09, 0xFF,
    0x68, 0x66, 0x23, 0xFF, 0xFF, 0xFF, 0x4D, 0xFF, 0xFC, 0xF4, 0x42, 0xFF,
    0xFF, 0xFE, 0x44, 0xFF, 0xFF, 0xFE, 0x44, 0xFF, 0xFF, 0xFF, 0x45, 0xFF,
    0xFF, 0xFF, 0x45, 0xFF, 0xFF, 0xFF, 0x46, 0xFF, 0xFF, 0xFE, 0x44, 0xFF,
    0xFF, 0xFE, 0x45, 0xFF, 0xFF, 0xFB, 0x45, 0xFF, 0xFF, 0xF9, 0x45, 0xFF,
    0xFC, 0xF4, 0x44, 0xFF, 0xF8, 0xF1, 0x41, 0xFF, 0xFA, 0xF2, 0x41, 0xFF,
    0xF9, 0xF0, 0x41, 0xFF, 0xF9, 0xF0, 0x41, 0xFF, 0xF9, 0xF0, 0x41, 0xFF,
    0xF7, 0xEC, 0x41, 0xFF, 0xFF, 0xFB, 0x44, 0xFF, 0xB7, 0xB0, 0x3F, 0xFF,
    0x1E, 0x1C, 0x0E, 0xFF, 0xFE, 0xFB, 0x4D, 0xFF, 0xFF, 0xFF, 0x4B, 0xFF,
    0xFF, 0xFF, 0x46, 0xFF, 0xFF, 0xFF, 0x47, 0xFF, 0xFA, 0xF5, 0x46, 0xFF,
    0xF5, 0xF1, 0x3C, 0xFF, 0xFF, 0xFF, 0x50, 0xFF, 0x64, 0x65, 0x21, 0xFF,
    0x02, 0x09, 0x23, 0xFF, 0xF7, 0x9C, 0x53, 0xFF, 0xF6, 0x98, 0x52, 0xFF,
    0xF5, 0x97, 0x50, 0xFF, 0xF6, 0x95, 0x4E, 0xFF, 0xF6, 0x90, 0x49, 0xFF,
    0xF5, 0x8D, 0x48, 0xFF, 0xF6, 0x8E, 0x4B, 0xFF, 0xF5, 0x91, 0x4F, 0xFF,
    0xF5, 0x9B, 0x56, 0xFF, 0xF3, 0x99, 0x55, 0xFF, 0xE8, 0x9D, 0x5A, 0xFF,
    0xF6, 0xB5, 0x70, 0xFF, 0x93, 0x7F, 0x5D, 0xFF, 0x1E, 0x04, 0x04, 0xFF,
    0xD1, 0x43, 0x1F, 0xFF, 0xD7, 0x46, 0x1A, 0xFF, 0xD3, 0x47, 0x1B, 0xFF,
    0xD2, 0x45, 0x1B, 0xFF, 0xDF, 0x4F, 0x1D, 0xFF, 0xAF, 0x40, 0x1D, 0xFF,
    0x00, 0x00, 0x02, 0xFF, 0x61, 0x24, 0x15, 0xFF, 0x3B, 0x15, 0x0F, 0xFF,
    0x12, 0x05, 0x08, 0xFF, 0x89, 0x2E, 0x18, 0xFF, 0xC0, 0x45, 0x25, 0xFF,
    0x82, 0x27, 0x0D, 0xFF, 0x1A, 0x3E, 0x5C, 0xFF, 0x63, 0x7D, 0xBB, 0xFF,
    0x27, 0x3A, 0x65, 0xFF, 0x17, 0x17, 0x14, 0xFF, 0xF4, 0xF5, 0xD5, 0xFF,
    0x49, 0x4D, 0x4A, 0xFF, 0x67, 0x65, 0x1B, 0xFF, 0xFD, 0xFE, 0x48, 0xFF,
    0xF4, 0xEB, 0x3E, 0xFF, 0xF6, 0xEE, 0x42, 0xFF, 0xF5, 0xEF, 0x41, 0xFF,
    0xF7, 0xF1, 0x42, 0xFF, 0xF6, 0xF2, 0x42, 0xFF, 0xF6, 0xF2, 0x42, 0xFF,
    0xF7, 0xF2, 0x42, 0xFF, 0xF7, 0xF2, 0x42, 0xFF, 0xF8, 0xF2, 0x41, 0xFF,
    0xF8, 0xF0, 0x40, 0xFF, 0xF7, 0xF1, 0x42, 0xFF, 0xFA, 0xF2, 0x41, 0xFF,
    0xFA, 0xF1, 0x41, 0xFF, 0xFB, 0xF1, 0x41, 0xFF, 0xFA, 0xF0, 0x41, 0xFF,
    0xFA, 0xEF, 0x41, 0xFF, 0xF9, 0xED, 0x41, 0xFF, 0xFA, 0xEE, 0x3F, 0xFF,
    0xF2, 0xED, 0x44, 0xFF, 0x59, 0x58, 0x21, 0xFF, 0x35, 0x32, 0x17, 0xFF,
    0x7F, 0x7D, 0x2D, 0xFF, 0xCB, 0xC7, 0x43, 0xFF, 0xFF, 0xFF, 0x50, 0xFF,
    0xFF, 0xFF, 0x4B, 0xFF, 0xFF, 0xFC, 0x4F, 0xFF, 0x86, 0x83, 0x2E, 0xFF,
    0x00, 0x00, 0x00, 0xFF, 0x28, 0x60, 0x9D, 0xFF, 0xF5, 0xB1, 0x55, 0xFF,
    0xF4, 0xAE, 0x55, 0xFF, 0xF4, 0xAD, 0x55, 0xFF, 0xF3, 0xA9, 0x51, 0xFF,
    0xF4, 0xA7, 0x4F, 0xFF, 0xF4, 0xA0, 0x4E, 0xFF, 0xF4, 0x9E, 0x50, 0xFF,
    0xF5, 0xA1, 0x50, 0xFF, 0xF3, 0xA7, 0x58, 0xFF, 0xF2, 0xAA, 0x5E, 0xFF,
    0xEB, 0xAF, 0x61, 0xFF, 0xFF, 0xC9, 0x78, 0xFF, 0x75, 0x66, 0x48, 0xFF,
    0x1B, 0x04, 0x03, 0xFF, 0x8F, 0x31, 0x18, 0xFF, 0x91, 0x2A, 0x0C, 0xFF,
    0x99, 0x2E, 0x0C, 0xFF, 0xAA, 0x37, 0x0E, 0xFF, 0xBE, 0x3F, 0x10, 0xFF,
    0xBC, 0x43, 0x16, 0xFF, 0x88, 0x33, 0x17, 0xFF, 0xBC, 0x4C, 0x20, 0xFF,
    0x93, 0x39, 0x16, 0xFF, 0x89, 0x31, 0x13, 0xFF, 0xDE, 0x4D, 0x1C, 0xFF,
    0xE2, 0x4D, 0x20, 0xFF, 0x73, 0x23, 0x0D, 0xFF, 0x19, 0x38, 0x5E, 0xFF,
    0x41, 0x76, 0xC2, 0xFF, 0x18, 0x41, 0x69, 0xFF, 0x18, 0x13, 0x10, 0xFF,
    0xE4, 0xE3, 0xCD, 0xFF, 0x38, 0x3B, 0x3A, 0xFF, 0x70, 0x6C, 0x20, 0xFF,
    0xFF, 0xFF, 0x4A, 0xFF, 0xF6, 0xED, 0x40, 0xFF, 0xFA, 0xF1, 0x42, 0xFF,
    0xF9, 0xF1, 0x41, 0xFF, 0xF8, 0xF1, 0x41, 0xFF, 0xF9, 0xF2, 0x42, 0xFF,
    0xF9, 0xF2, 0x42, 0xFF, 0xF9, 0xF2, 0x42, 0xFF, 0xFA, 0xF0, 0x41, 0xFF,
    0xF9, 0xEF, 0x41, 0xFF, 0xF9, 0xEE, 0x40, 0xFF, 0xFA, 0xEF, 0x42, 0xFF,
    0xFA, 0xF0, 0x40, 0xFF, 0xFA, 0xF0, 0x40, 0xFF, 0xFB, 0xF1, 0x41, 0xFF,
    0xFA, 0xEF, 0x41, 0xFF, 0xFB, 0xEF, 0x40, 0xFF, 0xFB, 0xEF, 0x40, 0xFF,
    0xF8, 0xEC, 0x40, 0xFF, 0xFD, 0xF2, 0x40, 0xFF, 0xF2, 0xE8, 0x47, 0xFF,
    0x92, 0x91, 0x34, 0xFF, 0x2D, 0x2C, 0x12, 0xFF, 0x24, 0x23, 0x11, 0xFF,
    0x68, 0x69, 0x2A, 0xFF, 0x68, 0x68, 0x28, 0xFF, 0x42, 0x42, 0x1F, 0xFF,
    0x00, 0x00, 0x00, 0xFF, 0x1F, 0x4B, 0x7F, 0xFF, 0x28, 0x84, 0xE4, 0xFF,
    0xF5, 0xCB, 0x5A, 0xFF, 0xF4, 0xC7, 0x5C, 0xFF, 0xF4, 0xC6, 0x5D, 0xFF,
    0xF4, 0xC0, 0x59, 0xFF, 0xF6, 0xBE, 0x57, 0xFF, 0xF5, 0xBA, 0x58, 0xFF,
    0xF6, 0xB5, 0x58, 0xFF, 0xF5, 0xB5, 0x51, 0xFF, 0xF6, 0xBD, 0x5B, 0xFF,
    0xF6, 0xC4, 0x64, 0xFF, 0xF0, 0xC6, 0x6A, 0xFF, 0xFD, 0xD7, 0x81, 0xFF,
    0x9E, 0x88, 0x5D, 0xFF, 0x0A, 0x09, 0x07, 0xFF, 0x09, 0x23, 0x38, 0xFF,
    0x15, 0x51, 0x7E, 0xFF, 0x15, 0x47, 0x6C, 0xFF, 0x1B, 0x40, 0x5C, 0xFF,
    0x23, 0x3C, 0x53, 0xFF, 0x2C, 0x34, 0x42, 0xFF, 0x37, 0x2C, 0x30, 0xFF,
    0x40, 0x29, 0x29, 0xFF, 0x58, 0x2E, 0x24, 0xFF, 0x66, 0x2F, 0x20, 0xFF,
    0x65, 0x29, 0x1D, 0xFF, 0x6F, 0x2C, 0x20, 0xFF, 0x32, 0x12, 0x0A, 0xFF,
    0x18, 0x3F, 0x69, 0xFF, 0x2A, 0x7B, 0xC7, 0xFF, 0x14, 0x43, 0x73, 0xFF,
    0x19, 0x14, 0x15, 0xFF, 0xE1, 0xE1, 0xC9, 0xFF, 0x36, 0x3A, 0x39, 0xFF,
    0x7E, 0x7B, 0x2B, 0xFF, 0xFF, 0xFF, 0x48, 0xFF, 0xF8, 0xED, 0x3F, 0xFF,
    0xFA, 0xF0, 0x41, 0xFF, 0xFA, 0xF1, 0x41, 0xFF, 0xF9, 0xF2, 0x41, 0xFF,
    0xFA, 0xF1, 0x41, 0xFF, 0xFA, 0xF1, 0x41, 0xFF, 0xFA, 0xF0, 0x40, 0xFF,
    0xFA, 0xEE, 0x40, 0xFF, 0xFA, 0xEE, 0x41, 0xFF, 0xFA, 0xEE, 0x40, 0xFF,
    0xFA, 0xEE, 0x40, 0xFF, 0xFB, 0xF0, 0x41, 0xFF, 0xFB, 0xF0, 0x41, 0xFF,
    0xFA, 0xF0, 0x41, 0xFF, 0xFB, 0xEF, 0x41, 0xFF, 0xFA, 0xEE, 0x40, 0xFF,
    0xFA, 0xEE, 0x40, 0xFF, 0xFA, 0xEE, 0x40, 0xFF, 0xF9, 0xED, 0x41, 0xFF,
    0xF6, 0xEA, 0x3D, 0xFF, 0xFF, 0xFF, 0x4E, 0xFF, 0x8F, 0x8C, 0x32, 0xFF,
    0x00, 0x01, 0x05, 0xFF, 0x21, 0x24, 0x1A, 0xFF, 0x21, 0x24, 0x1B, 0xFF,
    0x1A, 0x1D, 0x15, 0xFF, 0x07, 0x07, 0x09, 0xFF, 0x2D, 0x77, 0xC6, 0xFF,
    0x2B, 0x86, 0xE5, 0xFF, 0xF3, 0xD4, 0x4F, 0xFF, 0xF5, 0xD1, 0x55, 0xFF,
    0xF4, 0xCF, 0x57, 0xFF, 0xF3, 0xCB, 0x54, 0xFF, 0xF5, 0xCB, 0x55, 0xFF,
    0xF5, 0xC8, 0x55, 0xFF, 0xF5, 0xC4, 0x52, 0xFF, 0xF4, 0xC3, 0x50, 0xFF,
    0xF6, 0xCA, 0x56, 0xFF, 0xF5, 0xCC, 0x5A, 0xFF, 0xF6, 0xCF, 0x63, 0xFF,
    0xF2, 0xD0, 0x69, 0xFF, 0xFC, 0xE4, 0x81, 0xFF, 0x5B, 0x4D, 0x2D, 0xFF,
    0x0C, 0x38, 0x62, 0xFF, 0x28, 0x9A, 0xE8, 0xFF, 0x22, 0x8F, 0xD6, 0xFF,
    0x1E, 0x99, 0xD9, 0xFF, 0x1F, 0x91, 0xC4, 0xFF, 0x1F, 0x98, 0xCE, 0xFF,
    0x18, 0x94, 0xD1, 0xFF, 0x14, 0x8D, 0xCC, 0xFF, 0x0F, 0x82, 0xC7, 0xFF,
    0x10, 0x74, 0xBB, 0xFF, 0x14, 0x69, 0xA9, 0xFF, 0x13, 0x64, 0xAA, 0xFF,
    0x02, 0x15, 0x34, 0xFF, 0x1A, 0x41, 0x6B, 0xFF, 0x28, 0x7E, 0xD2, 0xFF,
    0x14, 0x45, 0x7D, 0xFF, 0x16, 0x12, 0x12, 0xFF, 0xDA, 0xDE, 0xC4, 0xFF,
    0x27, 0x2B, 0x2A, 0xFF, 0x8C, 0x88, 0x34, 0xFF, 0xFF, 0xFF, 0x48, 0xFF,
    0xF8, 0xEE, 0x40, 0xFF, 0xFB, 0xF1, 0x41, 0xFF, 0xFA, 0xF1, 0x41, 0xFF,
    0xFA, 0xF1, 0x41, 0xFF, 0xFB, 0xF1, 0x41, 0xFF, 0xFB, 0xF1, 0x40, 0xFF,
    0xFA, 0xEE, 0x40, 0xFF, 0xFA, 0xEE, 0x40, 0xFF, 0xFA, 0xEE, 0x40, 0xFF,
    0xFA, 0xEF, 0x41, 0xFF, 0xFA, 0xEF, 0x41, 0xFF, 0xFA, 0xEE, 0x40, 0xFF,
    0xF9, 0xEF, 0x40, 0xFF, 0xFA, 0xEF, 0x41, 0xFF, 0xFA, 0xEE, 0x40, 0xFF,
    0xFA, 0xEE, 0x40, 0xFF, 0xFA, 0xEF, 0x40, 0xFF, 0xFA, 0xF0, 0x41, 0xFF,
    0xFA, 0xF0, 0x41, 0xFF, 0xF5, 0xEB, 0x3F, 0xFF, 0xFB, 0xFC, 0x47, 0xFF,
    0x7C, 0x77, 0x29, 0xFF, 0x0A, 0x0E, 0x0D, 0xFF, 0x47, 0x4D, 0x2C, 0xFF,
    0x48, 0x4D, 0x2D, 0xFF, 0x2F, 0x33, 0x1C, 0xFF, 0x04, 0x06, 0x0F, 0xFF,
    0x2C, 0x78, 0xC9, 0xFF, 0x33, 0x8A, 0xE5, 0xFF, 0xF5, 0xE7, 0x78, 0xFF,
    0xF6, 0xE5, 0x7D, 0xFF, 0xF5, 0xE3, 0x7E, 0xFF, 0xF5, 0xE2, 0x7D, 0xFF,
    0xF6, 0xE3, 0x7F, 0xFF, 0xF6, 0xE3, 0x82, 0xFF, 0xF6, 0xE2, 0x80, 0xFF,
    0xF6, 0xE2, 0x82, 0xFF, 0xF7, 0xE5, 0x85, 0xFF, 0xF6, 0xE7, 0x8C, 0xFF,
    0xF9, 0xE8, 0x94, 0xFF, 0xF1, 0xE4, 0x95, 0xFF, 0xFF, 0xFF, 0xBF, 0xFF,
    0x63, 0x58, 0x40, 0xFF, 0x07, 0x3A, 0x64, 0xFF, 0x28, 0x9D, 0xEA, 0xFF,
    0x21, 0x95, 0xD4, 0xFF, 0x19, 0x56, 0x86, 0xFF, 0x0C, 0x28, 0x45, 0xFF,
    0x13, 0x3E, 0x65, 0xFF, 0x15, 0x48, 0x77, 0xFF, 0x10, 0x4A, 0x77, 0xFF,
    0x14, 0x55, 0x89, 0xFF, 0x21, 0x76, 0xB5, 0xFF, 0x21, 0x86, 0xD0, 0xFF,
    0x29, 0x8D, 0xD7, 0xFF, 0x0D, 0x26, 0x4A, 0xFF, 0x1C, 0x46, 0x70, 0xFF,
    0x2B, 0x84, 0xDC, 0xFF, 0x16, 0x4C, 0x85, 0xFF, 0x10, 0x0C, 0x0C, 0xFF,
    0xCD, 0xD1, 0xB6, 0xFF, 0x24, 0x27, 0x24, 0xFF, 0x96, 0x92, 0x33, 0xFF,
    0xFF, 0xFF, 0x47, 0xFF, 0xF7, 0xED, 0x3F, 0xFF, 0xFB, 0xF0, 0x40, 0xFF,
    0xFB, 0xF0, 0x40, 0xFF, 0xFB, 0xF0, 0x42, 0xFF, 0xFA, 0xEF, 0x41, 0xFF,
    0xFA, 0xF0, 0x40, 0xFF, 0xFB, 0xEF, 0x40, 0xFF, 0xFB, 0xEE, 0x40, 0xFF,
    0xFA, 0xEF, 0x40, 0xFF, 0xF9, 0xF2, 0x41, 0xFF, 0xFA, 0xF1, 0x41, 0xFF,
    0xFB, 0xEF, 0x41, 0xFF, 0xF9, 0xEF, 0x40, 0xFF, 0xFA, 0xEF, 0x41, 0xFF,
    0xFA, 0xEE, 0x40, 0xFF, 0xFA, 0xEF, 0x40, 0xFF, 0xFB, 0xEF, 0x41, 0xFF,
    0xFA, 0xF0, 0x41, 0xFF, 0xFA, 0xF1, 0x41, 0xFF, 0xF6, 0xEB, 0x3E, 0xFF,
    0xFF, 0xFF, 0x49, 0xFF, 0x77, 0x74, 0x29, 0xFF, 0x0A, 0x0D, 0x0D, 0xFF,
    0x3F, 0x43, 0x24, 0xFF, 0x3D, 0x42, 0x26, 0xFF, 0x24, 0x26, 0x14, 0xFF,
    0x04, 0x0B, 0x1B, 0xFF, 0x33, 0x82, 0xD3, 0xFF, 0x2E, 0x8B, 0xE5, 0xFF,
    0xFE, 0xFF, 0xFA, 0xFF, 0xFE, 0xFF, 0xF9, 0xFF, 0xFE, 0xFF, 0xF8, 0xFF,
    0xFE, 0xFF, 0xF9, 0xFF, 0xFE, 0xFF, 0xFA, 0xFF, 0xFF, 0xFF, 0xFA, 0xFF,
    0xFE, 0xFF, 0xFA, 0xFF, 0xFF, 0xFF, 0xF9, 0xFF, 0xFF, 0xFF, 0xF9, 0xFF,
    0xFE, 0xFF, 0xFA, 0xFF, 0xFB, 0xFC, 0xF7, 0xFF, 0xFF, 0xFF, 0xFE, 0xFF,
    0xCB, 0xCD, 0xC7, 0xFF, 0x2D, 0x26, 0x1B, 0xFF, 0x0A, 0x2D, 0x45, 0xFF,
    0x20, 0x74, 0xA9, 0xFF, 0x17, 0x72, 0x9F, 0xFF, 0x22, 0x66, 0x8E, 0xFF,
    0x24, 0x7B, 0xAA, 0xFF, 0x23, 0x80, 0xAE, 0xFF, 0x29, 0x7D, 0xA7, 0xFF,
    0x30, 0x80, 0xAF, 0xFF, 0x1F, 0x3D, 0x5D, 0xFF, 0x14, 0x23, 0x38, 0xFF,
    0x2C, 0x89, 0xD1, 0xFF, 0x25, 0x8F, 0xDC, 0xFF, 0x0A, 0x28, 0x4D, 0xFF,
    0x1B, 0x44, 0x71, 0xFF, 0x2E, 0x86, 0xDE, 0xFF, 0x1C, 0x50, 0x8A, 0xFF,
    0x0B, 0x06, 0x0A, 0xFF, 0xC3, 0xC6, 0xB3, 0xFF, 0x21, 0x25, 0x23, 0xFF,
    0x9B, 0x97, 0x32, 0xFF, 0xFD, 0xFD, 0x47, 0xFF, 0xF5, 0xED, 0x40, 0xFF,
    0xF8, 0xEF, 0x42, 0xFF, 0xFA, 0xEF, 0x42, 0xFF, 0xF9, 0xEF, 0x40, 0xFF,
    0xFA, 0xEF, 0x41, 0xFF, 0xF7, 0xED, 0x40, 0xFF, 0xF6, 0xEC, 0x40, 0xFF,
    0xF6, 0xED, 0x3F, 0xFF, 0xF7, 0xEE, 0x40, 0xFF, 0xF8, 0xF0, 0x41, 0xFF,
    0xF7, 0xF0, 0x40, 0xFF, 0xF9, 0xF0, 0x41, 0xFF, 0xF9, 0xEF, 0x41, 0xFF,
    0xFA, 0xF0, 0x41, 0xFF, 0xFB, 0xF1, 0x41, 0xFF, 0xFB, 0xF1, 0x41, 0xFF,
    0xFA, 0xF0, 0x40, 0xFF, 0xFA, 0xF0, 0x40, 0xFF, 0xFA, 0xF0, 0x40, 0xFF,
    0xF7, 0xED, 0x3E, 0xFF, 0xFF, 0xFF, 0x49, 0xFF, 0x73, 0x70, 0x28, 0xFF,
    0x0F, 0x11, 0x10, 0xFF, 0x41, 0x45, 0x26, 0xFF, 0x3E, 0x43, 0x25, 0xFF,
    0x21, 0x22, 0x10, 0xFF, 0x08, 0x0F, 0x1D, 0xFF, 0x3E, 0x85, 0xD5, 0xFF,
    0x34, 0x88, 0xE1, 0xFF, 0xFE, 0xFE, 0xFD, 0xFF, 0xFE, 0xFE, 0xFD, 0xFF,
    0xFE, 0xFE, 0xFD, 0xFF, 0xFE, 0xFE, 0xFC, 0xFF, 0xFE, 0xFE, 0xFC, 0xFF,
    0xFE, 0xFE, 0xFC, 0xFF, 0xFE, 0xFD, 0xFC, 0xFF, 0xFD, 0xFD, 0xFB, 0xFF,
    0xFC, 0xFC, 0xFA, 0xFF, 0xF9, 0xF9, 0xF6, 0xFF, 0xFF, 0xFF, 0xFF, 0xFF,
    0xB3, 0xBA, 0xBD, 0xFF, 0x13, 0x10, 0x0E, 0xFF, 0x0E, 0x1E, 0x30, 0xFF,
    0x1B, 0x3D, 0x62, 0xFF, 0x16, 0x3B, 0x56, 0xFF, 0x14, 0x3B, 0x57, 0xFF,
    0x11, 0x38, 0x52, 0xFF, 0x10, 0x23, 0x37, 0xFF, 0x13, 0x32, 0x48, 0xFF,
    0x12, 0x37, 0x4E, 0xFF, 0x0F, 0x2F, 0x49, 0xFF, 0x00, 0x04, 0x10, 0xFF,
    0x05, 0x09, 0x0B, 0xFF, 0x23, 0x66, 0x99, 0xFF, 0x25, 0x77, 0xBA, 0xFF,
    0x0A, 0x18, 0x33, 0xFF, 0x1A, 0x44, 0x73, 0xFF, 0x2B, 0x85, 0xD8, 0xFF,
    0x1B, 0x52, 0x8E, 0xFF, 0x06, 0x03, 0x07, 0xFF, 0xB4, 0xBC, 0xAC, 0xFF,
    0x1E, 0x24, 0x23, 0xFF, 0xA6, 0xA3, 0x34, 0xFF, 0xFF, 0xFF, 0x4A, 0xFF,
    0xFA, 0xF3, 0x40, 0xFF, 0xFB, 0xF4, 0x3F, 0xFF, 0xFB, 0xF2, 0x3E, 0xFF,
    0xFA, 0xEE, 0x3F, 0xFF, 0xF7, 0xED, 0x3D, 0xFF, 0xFF, 0xFC, 0x44, 0xFF,
    0xFF, 0xFF, 0x49, 0xFF, 0xFF, 0xFF, 0x48, 0xFF, 0xFF, 0xFF, 0x48, 0xFF,
    0xFF, 0xFD, 0x44, 0xFF, 0xFF, 0xF8, 0x42, 0xFF, 0xFF, 0xF6, 0x42, 0xFF,
    0xFB, 0xF4, 0x40, 0xFF, 0xF9, 0xF2, 0x3F, 0xFF, 0xF9, 0xF3, 0x42, 0xFF,
    0xFA, 0xF2, 0x41, 0xFF, 0xFB, 0xF1, 0x41, 0xFF, 0xFC, 0xF1, 0x42, 0xFF,
    0xFB, 0xF1, 0x41, 0xFF, 0xF6, 0xED, 0x3E, 0xFF, 0xFF, 0xFF, 0x4A, 0xFF,
    0x74, 0x73, 0x28, 0xFF, 0x17, 0x17, 0x14, 0xFF, 0x42, 0x44, 0x25, 0xFF,
    0x3F, 0x43, 0x25, 0xFF, 0x1C, 0x1C, 0x0A, 0xFF, 0x0E, 0x18, 0x2D, 0xFF,
    0x3C, 0x87, 0xDE, 0xFF, 0x37, 0x8C, 0xDC, 0xFF, 0xFD, 0xFD, 0xFB, 0xFF,
    0xFE, 0xFE, 0xFB, 0xFF, 0xFE, 0xFE, 0xFB, 0xFF, 0xFE, 0xFE, 0xFB, 0xFF,
    0xFE, 0xFE, 0xFB, 0xFF, 0xFE, 0xFE, 0xFB, 0xFF, 0xFE, 0xFF, 0xFA, 0xFF,
    0xFF, 0xFF, 0xFB, 0xFF, 0xFF, 0xFF, 0xFE, 0xFF, 0xFF, 0xFF, 0xFF, 0xFF,
    0xD9, 0xDE, 0xDF, 0xFF, 0x1A, 0x1B, 0x1E, 0xFF, 0x0A, 0x1E, 0x2E, 0xFF,
    0x2A, 0x78, 0xC4, 0xFF, 0x21, 0x80, 0xDA, 0xFF, 0x1E, 0x89, 0xD5, 0xFF,
    0x1B, 0x94, 0xE2, 0xFF, 0x15, 0x5D, 0x8D, 0xFF, 0x23, 0x3A, 0x64, 0xFF,
    0x2E, 0x64, 0xA7, 0xFF, 0x1A, 0x3A, 0x68, 0xFF, 0x17, 0x0B, 0x06, 0xFF,
    0x45, 0x2F, 0x18, 0xFF, 0x0C, 0x0E, 0x10, 0xFF, 0x1A, 0x47, 0x68, 0xFF,
    0x1F, 0x59, 0x7F, 0xFF, 0x19, 0x48, 0x6A, 0xFF, 0x22, 0x66, 0xA5, 0xFF,
    0x20, 0x7F, 0xCF, 0xFF, 0x15, 0x4A, 0x7E, 0xFF, 0x00, 0x00, 0x00, 0xFF,
    0xAF, 0xB6, 0xAD, 0xFF, 0x27, 0x2B, 0x2B, 0xFF, 0x72, 0x6F, 0x28, 0xFF,
    0xD8, 0xD7, 0x43, 0xFF, 0xDF, 0xD9, 0x42, 0xFF, 0xEF, 0xE6, 0x4A, 0xFF,
    0xF7, 0xF0, 0x4C, 0xFF, 0xFA, 0xF4, 0x4C, 0xFF, 0xFF, 0xFF, 0x4C, 0xFF,
    0xBC, 0xB7, 0x3E, 0xFF, 0x86, 0x84, 0x2F, 0xFF, 0x9C, 0x9B, 0x38, 0xFF,
    0xB1, 0xAE, 0x38, 0xFF, 0xC3, 0xBE, 0x3B, 0xFF, 0xD3, 0xCF, 0x3D, 0xFF,
    0xE1, 0xDE, 0x45, 0xFF, 0xEC, 0xE9, 0x4A, 0xFF, 0xFC, 0xF6, 0x49, 0xFF,
    0xFF, 0xF7, 0x44, 0xFF, 0xFA, 0xF1, 0x40, 0xFF, 0xFB, 0xF1, 0x41, 0xFF,
    0xFC, 0xF1, 0x41, 0xFF, 0xFA, 0xF1, 0x41, 0xFF, 0xF7, 0xED, 0x3E, 0xFF,
    0xFF, 0xFF, 0x4A, 0xFF, 0x67, 0x67, 0x29, 0xFF, 0x1C, 0x1D, 0x16, 0xFF,
    0x43, 0x44, 0x25, 0xFF, 0x41, 0x45, 0x26, 0xFF, 0x1D, 0x1C, 0x0D, 0xFF,
    0x09, 0x19, 0x30, 0xFF, 0x38, 0x81, 0xDD, 0xFF, 0x35, 0x8B, 0xDF, 0xFF,
    0xFC, 0xFE, 0xFC, 0xFF, 0xFC, 0xFE, 0xFC, 0xFF, 0xFD, 0xFE, 0xFC, 0xFF,
    0xFD, 0xFF, 0xFC, 0xFF, 0xFD, 0xFE, 0xFC, 0xFF, 0xFD, 0xFE, 0xFC, 0xFF,
    0xFE, 0xFF, 0xFC, 0xFF, 0xF2, 0xF4, 0xF1, 0xFF, 0xD7, 0xDA, 0xDA, 0xFF,
    0xD0, 0xD3, 0xD6, 0xFF, 0x38, 0x3C, 0x3E, 0xFF, 0x01, 0x0C, 0x15, 0xFF,
    0x22, 0x78, 0xC1, 0xFF, 0x14, 0x7E, 0xDA, 0xFF, 0x16, 0x7E, 0xD0, 0xFF,
    0x14, 0x83, 0xD7, 0xFF, 0x13, 0x75, 0xC0, 0xFF, 0x0D, 0x26, 0x4C, 0xFF,
    0x27, 0x61, 0xAB, 0xFF, 0x1E, 0x54, 0x9C, 0xFF, 0x03, 0x0C, 0x20, 0xFF,
    0xA6, 0x8C, 0x60, 0xFF, 0xC6, 0xA1, 0x62, 0xFF, 0x0A, 0x0F, 0x15, 0xFF,
    0x23, 0x83, 0xC5, 0xFF, 0x1D, 0x93, 0xDC, 0xFF, 0x21, 0x8F, 0xD5, 0xFF,
    0x1C, 0x6F, 0xBC, 0xFF, 0x23, 0x4B, 0x7D, 0xFF, 0x12, 0x15, 0x20, 0xFF,
    0x12, 0x15, 0x1A, 0xFF, 0x94, 0x9D, 0x9C, 0xFF, 0x27, 0x29, 0x26, 0xFF,
    0x0F, 0x0D, 0x0C, 0xFF, 0x29, 0x23, 0x17, 0xFF, 0x2C, 0x28, 0x15, 0xFF,
    0x35, 0x30, 0x1B, 0xFF, 0x41, 0x39, 0x1C, 0xFF, 0x4A, 0x46, 0x1B, 0xFF,
    0x5B, 0x57, 0x24, 0xFF, 0x40, 0x3A, 0x1C, 0xFF, 0x78, 0x7A, 0x2F, 0xFF,
    0x61, 0x64, 0x2A, 0xFF, 0x57, 0x57, 0x2B, 0xFF, 0x4C, 0x49, 0x21, 0xFF,
    0x3D, 0x39, 0x18, 0xFF, 0x3F, 0x39, 0x17, 0xFF, 0x41, 0x39, 0x18, 0xFF,
    0x47, 0x43, 0x19, 0xFF, 0xC3, 0xBE, 0x3C, 0xFF, 0xFE, 0xFA, 0x43, 0xFF,
    0xF9, 0xF0, 0x41, 0xFF, 0xFC, 0xF3, 0x42, 0xFF, 0xFB, 0xF2, 0x42, 0xFF,
    0xF9, 0xEF, 0x3F, 0xFF, 0xFF, 0xFF, 0x4F, 0xFF, 0x50, 0x4F, 0x26, 0xFF,
    0x20, 0x22, 0x19, 0xFF, 0x43, 0x45, 0x28, 0xFF, 0x39, 0x3B, 0x25, 0xFF,
    0x12, 0x12, 0x0E, 0xFF, 0x2A, 0x1D, 0x17, 0xFF, 0xAC, 0x88, 0x7F, 0xFF,
    0xAA, 0x8D, 0x8B, 0xFF,
};

/// <summary>
/// Create a 64x64 icon surface from the embedded pixels.
/// Caller must SDL_FreeSurface() the result.
/// </summary>
static inline SDL_Surface* BreaknesCreateIconSurface()
{
	return SDL_CreateRGBSurfaceFrom(
		(void*)kBreaknesIconRGBA,
		kBreaknesIconWidth, kBreaknesIconHeight, 32,
		kBreaknesIconWidth * 4,
#if SDL_BYTEORDER == SDL_BIG_ENDIAN
		0xFF000000, 0x00FF0000, 0x0000FF00, 0x000000FF);
#else
		0x000000FF, 0x0000FF00, 0x00FF0000, 0xFF000000);
#endif
}
